G3,G1,school,sex,age,address,famsize,Pstatus,Medu,Fedu,Mjob,Fjob,reason,guardian,traveltime,studytime,failures,schoolsup,famsup,paid,activities,nursery,higher,internet,romantic,famrel,freetime,goout,Dalc,Walc,health,absences
11,Fail,GP,F,18,U,GT3,A,4,4,at_home,teacher,course,mother,2,2,0,yes,no,no,no,yes,yes,no,no,4,3,4,1,1,3,4
11,Fail,GP,F,17,U,GT3,T,1,1,at_home,other,course,father,1,2,0,no,yes,no,no,no,yes,yes,no,5,3,3,1,1,3,2
12,Pass,GP,F,15,U,LE3,T,1,1,at_home,other,other,mother,1,2,0,yes,no,no,no,yes,yes,yes,no,4,3,2,2,3,3,6
14,Pass,GP,F,15,U,GT3,T,4,2,health,services,home,mother,1,3,0,no,yes,no,yes,yes,yes,yes,yes,3,2,2,1,1,5,0
13,Pass,GP,F,16,U,GT3,T,3,3,other,other,home,father,1,2,0,no,yes,no,no,yes,yes,no,no,4,3,2,1,2,5,0
13,Pass,GP,M,16,U,LE3,T,4,3,services,other,reputation,mother,1,2,0,no,yes,no,yes,yes,yes,yes,no,5,4,2,1,2,5,6
13,Pass,GP,M,16,U,LE3,T,2,2,other,other,home,mother,1,2,0,no,no,no,no,yes,yes,yes,no,4,4,4,1,1,3,0
13,Pass,GP,F,17,U,GT3,A,4,4,other,teacher,home,mother,2,2,0,yes,yes,no,no,yes,yes,no,no,4,1,4,1,1,1,2
17,Pass,GP,M,15,U,LE3,A,3,2,services,other,home,mother,1,2,0,no,yes,no,no,yes,yes,yes,no,4,2,2,1,1,1,0
13,Pass,GP,M,15,U,GT3,T,3,4,other,other,home,mother,1,2,0,no,yes,no,yes,yes,yes,yes,no,5,5,1,1,1,5,0
14,Pass,GP,F,15,U,GT3,T,4,4,teacher,health,reputation,mother,1,2,0,no,yes,no,no,yes,yes,yes,no,3,3,3,1,2,2,2
13,Pass,GP,F,15,U,GT3,T,2,1,services,other,reputation,father,3,3,0,no,yes,no,yes,yes,yes,yes,no,5,2,2,1,1,4,0
12,Pass,GP,M,15,U,LE3,T,4,4,health,services,course,father,1,1,0,no,yes,no,yes,yes,yes,yes,no,4,3,3,1,3,5,0
13,Pass,GP,M,15,U,GT3,T,4,3,teacher,other,course,mother,2,2,0,no,yes,no,no,yes,yes,yes,no,5,4,3,1,2,3,0
15,Pass,GP,M,15,U,GT3,A,2,2,other,other,home,other,1,3,0,no,yes,no,no,yes,yes,yes,yes,4,5,2,1,1,3,0
17,Pass,GP,F,16,U,GT3,T,4,4,health,other,home,mother,1,1,0,no,yes,no,no,yes,yes,yes,no,4,4,4,1,2,2,6
14,Pass,GP,F,16,U,GT3,T,4,4,services,services,reputation,mother,1,3,0,no,yes,no,yes,yes,yes,yes,no,3,2,3,1,2,2,10
14,Pass,GP,F,16,U,GT3,T,3,3,other,other,reputation,mother,3,2,0,yes,yes,no,yes,yes,yes,no,no,5,3,2,1,1,4,2
7,Fail,GP,M,17,U,GT3,T,3,2,services,services,course,mother,1,1,3,no,yes,yes,yes,yes,yes,yes,no,5,5,5,2,4,5,2
12,Pass,GP,M,16,U,LE3,T,4,3,health,other,home,father,1,1,0,no,no,no,yes,yes,yes,yes,no,3,1,3,1,3,5,6
14,Pass,GP,M,15,U,GT3,T,4,3,teacher,other,reputation,mother,1,2,0,no,no,no,no,yes,yes,yes,no,4,4,1,1,1,1,0
12,Pass,GP,M,15,U,GT3,T,4,4,health,health,other,father,1,1,0,no,yes,yes,no,yes,yes,yes,no,5,4,2,1,1,5,0
14,Pass,GP,M,16,U,LE3,T,4,2,teacher,other,course,mother,1,2,0,no,no,no,yes,yes,yes,yes,no,4,5,1,1,3,5,0
10,Pass,GP,M,16,U,LE3,T,2,2,other,other,reputation,mother,2,2,0,no,yes,no,yes,yes,yes,yes,no,5,4,4,2,4,5,2
10,Pass,GP,F,15,R,GT3,T,2,4,services,health,course,mother,1,3,0,yes,yes,no,yes,yes,yes,yes,no,4,3,2,1,1,5,2
12,Pass,GP,F,16,U,GT3,T,2,2,services,services,home,mother,1,1,0,no,yes,no,no,no,yes,yes,no,1,2,2,1,3,5,6
12,Pass,GP,M,15,U,GT3,T,2,2,other,other,home,mother,1,1,0,no,yes,no,no,yes,yes,yes,no,4,2,2,1,2,5,8
11,Pass,GP,M,15,U,GT3,T,4,2,health,services,other,mother,1,1,0,no,no,no,no,yes,yes,yes,no,2,2,4,2,4,1,0
13,Pass,GP,M,16,U,LE3,A,3,4,services,other,home,mother,1,2,0,yes,yes,yes,yes,yes,yes,yes,no,5,3,3,1,1,5,2
12,Pass,GP,M,16,U,GT3,T,4,4,teacher,teacher,home,mother,1,2,0,no,yes,yes,yes,yes,yes,yes,yes,4,4,5,5,5,5,4
11,Pass,GP,M,15,U,GT3,T,4,4,health,services,home,mother,1,2,0,no,yes,yes,no,no,yes,yes,no,5,4,2,3,4,5,0
15,Pass,GP,M,15,U,GT3,T,4,4,services,services,reputation,mother,2,2,0,no,yes,no,yes,yes,yes,yes,no,4,3,1,1,1,5,2
15,Pass,GP,M,15,R,GT3,T,4,3,teacher,at_home,course,mother,1,2,0,no,yes,no,yes,yes,yes,yes,yes,4,5,2,1,1,5,0
12,Pass,GP,M,15,U,LE3,T,3,3,other,other,course,mother,1,2,0,no,no,no,yes,no,yes,yes,no,5,3,2,1,1,2,0
12,Pass,GP,M,16,U,GT3,T,3,2,other,other,home,mother,1,1,0,no,yes,no,no,no,yes,yes,no,5,4,3,1,1,5,4
11,Pass,GP,F,15,U,GT3,T,2,3,other,other,other,father,2,1,0,no,yes,no,yes,yes,yes,no,no,3,5,1,1,1,5,4
14,Pass,GP,M,15,U,LE3,T,4,3,teacher,services,home,mother,1,3,0,no,yes,no,yes,yes,yes,yes,no,5,4,3,1,1,4,0
13,Pass,GP,M,16,R,GT3,A,4,4,other,teacher,reputation,mother,2,3,0,no,yes,no,yes,yes,yes,yes,yes,2,4,3,1,1,5,4
12,Pass,GP,F,15,R,GT3,T,3,4,services,health,course,mother,1,3,0,yes,yes,no,yes,yes,yes,yes,no,4,3,2,1,1,5,2
12,Pass,GP,F,15,R,GT3,T,2,2,at_home,other,reputation,mother,1,1,0,yes,yes,no,yes,yes,yes,no,no,4,3,1,1,1,2,8
10,Pass,GP,F,16,U,LE3,T,2,2,other,other,home,mother,2,2,0,no,yes,no,yes,no,yes,yes,yes,3,3,3,1,2,3,16
11,Pass,GP,M,15,U,LE3,T,4,4,teacher,other,home,other,1,1,0,no,yes,no,no,no,yes,yes,yes,5,4,3,2,4,5,8
15,Pass,GP,M,15,U,GT3,T,4,4,services,teacher,course,father,1,2,0,no,yes,no,yes,yes,yes,yes,no,4,3,3,1,1,5,0
10,Fail,GP,M,15,U,GT3,T,2,2,services,services,course,father,1,1,0,yes,yes,no,no,yes,yes,yes,no,5,4,1,1,1,1,0
11,Pass,GP,F,16,U,LE3,T,2,2,other,at_home,course,father,2,2,1,yes,no,no,yes,yes,yes,yes,no,4,3,3,2,2,5,14
11,Pass,GP,F,15,U,LE3,A,4,3,other,other,course,mother,1,2,0,yes,yes,yes,yes,yes,yes,yes,yes,5,2,2,1,1,5,4
13,Pass,GP,F,16,U,LE3,A,3,3,other,services,home,mother,1,2,0,no,yes,no,no,yes,yes,yes,no,2,3,5,1,4,3,6
17,Pass,GP,M,16,U,GT3,T,4,3,health,services,reputation,mother,1,4,0,no,no,no,yes,yes,yes,yes,no,4,2,2,1,1,2,2
13,Pass,GP,M,15,U,GT3,T,4,2,teacher,other,home,mother,1,2,0,no,yes,no,no,yes,yes,no,no,4,3,3,2,2,5,4
12,Pass,GP,F,15,U,GT3,T,4,4,services,teacher,other,father,1,2,0,yes,yes,no,yes,no,yes,yes,no,4,4,4,1,1,3,2
13,Pass,GP,F,16,U,LE3,T,2,2,services,services,course,mother,3,2,0,no,yes,no,no,yes,yes,yes,no,4,3,3,2,3,4,0
16,Pass,GP,F,15,U,LE3,T,4,2,health,other,other,mother,1,2,0,no,yes,no,no,yes,yes,yes,no,4,3,3,1,1,5,0
9,Pass,GP,M,15,U,LE3,A,4,2,health,health,other,father,2,1,0,no,no,no,no,yes,yes,no,no,5,5,5,3,4,5,4
12,Pass,GP,F,15,U,GT3,T,4,4,services,services,course,mother,1,1,0,yes,yes,no,no,yes,yes,yes,no,3,3,4,2,3,5,0
13,Pass,GP,F,15,U,LE3,A,3,3,other,other,other,mother,1,1,0,no,no,no,no,yes,yes,yes,no,5,3,4,4,4,1,0
12,Pass,GP,F,16,U,GT3,A,2,1,other,other,other,mother,1,2,0,no,no,no,yes,yes,yes,yes,yes,5,3,4,1,1,2,2
15,Pass,GP,F,15,U,GT3,A,4,3,services,services,reputation,mother,1,2,0,no,yes,no,yes,yes,yes,yes,no,4,3,2,1,1,1,0
16,Pass,GP,M,15,U,GT3,T,4,4,teacher,health,reputation,mother,1,2,0,no,yes,no,yes,yes,yes,no,no,3,2,2,1,1,5,8
14,Pass,GP,M,15,U,LE3,T,1,2,other,at_home,home,father,1,2,0,yes,yes,no,yes,yes,yes,yes,no,4,3,2,1,1,5,0
16,Pass,GP,F,16,U,GT3,T,4,2,services,other,course,mother,1,2,0,no,yes,yes,no,yes,yes,yes,no,4,2,3,1,1,5,2
16,Pass,GP,F,16,R,GT3,T,4,4,health,teacher,other,mother,1,2,0,no,yes,no,yes,yes,yes,no,no,2,4,4,2,3,4,0
16,Pass,GP,F,16,U,GT3,T,1,1,services,services,course,father,4,1,0,yes,yes,no,yes,no,yes,yes,yes,5,5,5,5,5,5,0
10,Pass,GP,F,16,U,LE3,T,1,2,other,services,reputation,father,1,2,0,yes,no,no,yes,yes,yes,yes,no,4,4,3,1,1,1,0
13,Pass,GP,F,16,U,GT3,T,4,3,teacher,health,home,mother,1,3,0,yes,yes,no,yes,yes,yes,yes,no,3,4,4,2,4,4,0
12,Pass,GP,F,15,U,LE3,T,4,3,services,services,reputation,father,1,2,0,yes,no,no,yes,yes,yes,yes,yes,4,4,4,2,4,2,0
16,Pass,GP,F,16,U,LE3,T,4,3,teacher,services,course,mother,3,2,0,no,yes,no,yes,yes,yes,yes,no,5,4,3,1,2,1,2
12,Pass,GP,M,15,U,GT3,A,4,4,other,services,reputation,mother,1,4,0,no,yes,no,yes,no,yes,yes,yes,1,3,3,5,5,3,0
10,Pass,GP,F,16,U,GT3,T,3,1,services,other,course,mother,1,4,0,yes,yes,no,no,yes,yes,yes,no,4,3,3,1,2,5,0
11,Pass,GP,F,15,R,LE3,T,2,2,health,services,reputation,mother,2,2,0,yes,yes,no,no,yes,yes,yes,no,4,1,3,1,3,4,0
15,Pass,GP,F,15,R,LE3,T,3,1,other,other,reputation,father,2,4,0,no,yes,no,no,no,yes,yes,no,4,4,2,2,3,3,6
11,Pass,GP,M,16,U,GT3,T,3,1,other,other,reputation,father,2,4,0,no,yes,no,no,yes,yes,yes,no,4,3,2,1,1,5,2
10,Pass,GP,M,15,U,GT3,T,4,2,other,other,course,mother,1,4,0,no,no,no,no,yes,yes,yes,no,3,3,3,1,1,3,0
11,Pass,GP,F,15,R,GT3,T,1,1,other,other,reputation,mother,1,2,0,yes,yes,no,no,no,yes,yes,yes,3,3,4,2,4,5,2
14,Pass,GP,M,16,U,GT3,T,3,1,other,other,reputation,mother,1,1,0,no,no,no,yes,yes,yes,no,no,5,3,2,2,2,5,0
11,Pass,GP,F,16,U,GT3,T,3,3,other,services,home,mother,1,2,0,yes,yes,no,yes,yes,yes,yes,no,4,3,3,2,4,5,4
11,Pass,GP,M,15,U,GT3,T,4,3,teacher,other,home,mother,1,2,0,no,yes,no,yes,yes,yes,yes,no,4,3,3,2,3,5,0
11,Pass,GP,M,15,U,GT3,T,4,0,teacher,other,course,mother,2,4,0,no,no,no,yes,yes,yes,yes,no,3,4,3,1,1,1,0
13,Pass,GP,F,16,U,GT3,T,2,2,other,other,reputation,mother,1,4,0,no,no,no,no,yes,yes,yes,yes,5,2,3,1,3,3,1
10,Fail,GP,M,17,U,GT3,T,2,1,other,other,home,mother,2,1,3,yes,yes,no,yes,yes,no,yes,no,4,5,1,1,1,3,0
11,Pass,GP,F,16,U,GT3,T,3,4,at_home,other,course,mother,1,2,0,no,yes,no,no,yes,yes,yes,no,2,4,3,1,2,3,14
12,Pass,GP,M,15,U,GT3,T,2,3,other,services,course,father,1,1,0,yes,yes,no,yes,no,yes,yes,yes,3,2,2,1,3,3,0
9,Pass,GP,M,15,U,GT3,T,2,3,other,other,home,mother,1,3,0,yes,no,no,no,no,yes,yes,no,5,3,2,1,2,5,2
11,Pass,GP,F,15,U,LE3,T,3,2,services,other,reputation,mother,1,2,0,no,yes,no,no,yes,yes,yes,no,4,4,4,1,1,5,4
13,Pass,GP,M,15,U,LE3,T,2,2,services,services,home,mother,2,2,0,no,no,yes,yes,yes,yes,yes,no,5,3,3,1,3,4,2
12,Pass,GP,F,15,U,GT3,T,1,1,other,other,home,father,1,2,0,no,yes,no,yes,no,yes,yes,no,4,3,2,2,3,4,2
12,Pass,GP,F,15,U,GT3,T,4,4,services,services,reputation,father,2,2,0,no,no,no,no,yes,yes,yes,yes,4,4,4,2,3,5,4
11,Pass,GP,F,16,U,LE3,T,2,2,at_home,other,course,mother,1,2,0,no,yes,no,no,yes,yes,no,no,4,3,4,1,2,2,6
15,Pass,GP,F,15,U,GT3,T,4,2,other,other,reputation,mother,1,3,0,no,yes,no,yes,yes,yes,yes,no,5,3,3,1,3,1,4
11,Pass,GP,M,16,U,GT3,T,2,2,services,other,reputation,father,2,2,0,no,no,no,yes,no,yes,yes,no,4,4,2,1,1,3,6
10,Fail,GP,M,16,U,LE3,A,4,4,teacher,health,reputation,mother,1,2,0,no,yes,no,no,yes,yes,no,no,4,1,3,3,5,5,6
11,Fail,GP,F,16,U,GT3,T,3,3,other,other,home,mother,1,3,0,no,yes,no,no,yes,yes,yes,yes,4,3,3,1,3,4,2
13,Pass,GP,F,15,U,GT3,T,4,3,services,other,reputation,mother,1,1,0,no,no,no,yes,yes,yes,yes,no,4,5,5,1,3,1,6
12,Pass,GP,F,16,U,LE3,T,3,1,other,other,home,father,1,2,0,yes,yes,no,no,yes,yes,no,no,3,3,3,2,3,2,0
14,Pass,GP,F,16,U,GT3,T,4,2,teacher,services,home,mother,2,2,0,no,yes,no,yes,yes,yes,yes,no,5,3,3,1,1,1,2
12,Pass,GP,M,15,U,LE3,T,2,2,services,health,reputation,mother,1,4,0,no,yes,no,yes,yes,yes,yes,no,4,3,4,1,1,4,2
13,Pass,GP,F,15,R,GT3,T,1,1,at_home,other,home,mother,2,4,0,yes,yes,yes,yes,yes,yes,yes,no,3,1,2,1,1,1,4
11,Fail,GP,M,16,R,GT3,T,4,3,services,other,reputation,mother,2,1,0,yes,yes,yes,yes,no,yes,yes,no,3,3,3,1,1,4,6
12,Pass,GP,F,16,U,GT3,T,2,1,other,other,course,mother,1,2,0,no,yes,no,no,yes,yes,no,yes,4,3,5,1,1,5,0
13,Pass,GP,F,16,U,GT3,T,4,4,other,other,reputation,mother,1,1,0,no,no,no,yes,no,yes,yes,no,5,3,4,1,2,1,4
13,Pass,GP,F,16,U,GT3,T,4,3,other,at_home,course,mother,1,3,0,yes,yes,no,no,yes,yes,yes,no,5,3,5,1,1,3,2
8,Fail,GP,M,16,U,GT3,T,4,4,services,services,other,mother,1,1,0,yes,yes,no,yes,yes,yes,yes,no,4,5,5,5,5,4,12
16,Pass,GP,M,16,U,GT3,T,4,4,services,teacher,other,father,1,3,0,no,yes,no,yes,yes,yes,yes,yes,4,4,3,1,1,4,0
12,Pass,GP,M,15,U,GT3,T,4,4,services,other,course,mother,1,1,0,no,yes,yes,yes,no,yes,yes,no,5,3,3,1,1,5,2
10,Pass,GP,F,15,U,GT3,T,3,2,services,other,home,mother,2,2,0,yes,yes,no,no,yes,yes,yes,no,4,3,5,1,1,2,16
16,Pass,GP,M,15,U,GT3,A,3,4,services,other,course,mother,1,2,0,no,yes,no,yes,yes,yes,yes,no,5,4,4,1,1,1,0
10,Pass,GP,F,15,U,GT3,A,3,3,other,health,reputation,father,1,4,0,yes,no,no,no,yes,yes,no,no,4,3,3,1,1,4,10
10,Pass,GP,F,15,U,GT3,T,2,2,other,other,course,mother,1,4,0,yes,yes,no,no,yes,yes,yes,no,5,1,2,1,1,3,4
14,Pass,GP,M,16,U,GT3,T,3,3,services,other,home,father,1,3,0,no,yes,no,yes,yes,yes,yes,no,5,3,3,1,1,5,4
11,Pass,GP,M,15,R,GT3,T,4,4,other,other,home,father,4,4,0,no,yes,no,yes,yes,yes,yes,yes,1,3,5,3,5,1,8
14,Pass,GP,F,16,U,LE3,T,4,4,health,health,other,mother,1,3,0,no,yes,no,yes,yes,yes,yes,yes,5,4,5,1,1,4,2
14,Pass,GP,M,15,U,LE3,A,4,4,teacher,teacher,course,mother,1,1,0,no,no,no,yes,yes,yes,yes,no,5,5,3,1,1,4,4
11,Pass,GP,F,16,R,GT3,T,3,3,services,other,reputation,father,1,3,0,yes,yes,no,yes,yes,yes,yes,no,4,1,2,1,1,2,4
10,Fail,GP,F,16,U,GT3,T,2,2,at_home,other,home,mother,1,2,1,yes,no,no,yes,yes,yes,yes,no,3,1,2,1,1,5,12
18,Pass,GP,M,15,U,LE3,T,4,2,teacher,other,course,mother,1,1,0,no,no,no,no,yes,yes,yes,no,3,5,2,1,1,3,10
10,Pass,GP,M,15,R,GT3,T,2,1,health,services,reputation,mother,1,2,0,no,no,no,yes,yes,yes,yes,yes,5,4,2,1,1,5,4
14,Pass,GP,M,16,U,GT3,T,4,4,teacher,teacher,course,father,1,2,0,no,yes,no,yes,yes,yes,yes,no,5,4,4,1,2,5,6
16,Pass,GP,M,15,U,GT3,T,4,4,other,teacher,reputation,father,2,2,0,no,yes,no,yes,yes,yes,no,no,4,4,3,1,1,2,4
15,Pass,GP,M,16,U,GT3,T,3,3,other,services,home,father,2,1,0,no,no,no,yes,yes,yes,yes,no,5,4,2,1,1,5,6
11,Pass,GP,M,17,R,GT3,T,1,3,other,other,course,father,3,2,1,no,yes,no,yes,yes,yes,yes,no,5,2,4,1,4,5,14
14,Pass,GP,M,15,U,GT3,T,3,4,other,other,reputation,father,1,1,0,no,no,no,no,yes,yes,yes,no,3,4,3,1,2,4,2
14,Pass,GP,F,15,U,GT3,T,1,2,at_home,services,course,mother,1,2,0,no,no,no,no,no,yes,yes,no,3,2,3,1,2,1,0
13,Pass,GP,M,15,U,GT3,T,2,2,services,services,home,father,1,4,0,no,yes,no,yes,yes,yes,yes,no,5,5,4,1,2,5,6
13,Pass,GP,F,16,U,LE3,T,2,4,other,health,course,father,2,2,0,no,yes,no,yes,yes,yes,yes,yes,4,2,2,1,2,5,2
13,Pass,GP,M,16,U,GT3,T,4,4,health,other,course,mother,1,1,0,no,yes,no,yes,yes,yes,yes,no,3,4,4,1,4,5,4
11,Pass,GP,F,16,U,GT3,T,2,2,other,other,home,mother,1,2,0,no,no,no,no,yes,yes,yes,yes,5,4,4,1,1,5,0
9,Fail,GP,M,15,U,GT3,T,3,4,services,services,home,father,1,1,0,yes,no,no,no,yes,yes,yes,no,5,5,5,3,2,5,2
11,Pass,GP,F,15,U,LE3,A,3,4,other,other,home,mother,1,2,0,yes,no,no,yes,yes,yes,yes,yes,5,3,2,1,1,1,0
11,Fail,GP,F,19,U,GT3,T,0,1,at_home,other,course,other,1,2,2,no,yes,no,no,no,no,no,no,3,4,2,1,1,5,0
15,Pass,GP,M,16,R,GT3,T,4,4,teacher,teacher,course,mother,1,1,0,no,no,no,yes,yes,yes,yes,no,3,5,5,2,5,4,8
13,Pass,GP,M,16,U,GT3,T,2,3,other,other,course,mother,2,3,0,no,yes,no,no,no,yes,yes,yes,3,2,3,2,2,1,4
12,Pass,GP,F,15,R,GT3,T,3,4,services,teacher,course,father,2,3,0,no,yes,no,no,yes,yes,yes,yes,4,2,2,2,2,5,0
8,Pass,GP,F,18,U,GT3,T,2,1,services,other,reputation,mother,1,2,3,no,yes,no,yes,yes,no,yes,yes,5,4,5,1,3,5,10
11,Pass,GP,F,17,U,LE3,A,2,1,other,other,course,mother,3,1,0,no,yes,no,no,yes,yes,yes,no,3,2,2,1,2,5,8
13,Pass,GP,F,15,U,GT3,T,1,1,at_home,other,course,mother,3,1,0,no,yes,no,yes,no,yes,yes,yes,4,3,3,1,2,4,6
12,Pass,GP,F,17,U,LE3,T,2,2,other,other,course,father,1,1,0,no,yes,no,no,yes,yes,yes,yes,3,4,4,1,3,5,2
14,Pass,GP,F,16,U,GT3,A,3,4,services,other,course,father,1,1,0,no,no,no,no,yes,yes,yes,no,3,2,1,1,4,5,12
11,Fail,GP,M,16,U,GT3,T,2,1,at_home,other,course,mother,4,1,0,no,no,no,no,yes,yes,no,no,3,2,1,1,1,2,4
11,Pass,GP,F,16,U,GT3,A,2,2,other,other,home,mother,1,1,1,no,no,no,no,yes,yes,no,no,5,3,4,1,1,5,12
11,Pass,GP,M,15,R,GT3,T,3,4,at_home,teacher,course,mother,4,2,0,no,yes,no,no,yes,yes,no,yes,5,3,3,1,1,5,2
15,Pass,GP,F,15,U,GT3,T,4,4,services,at_home,course,mother,1,3,0,no,yes,no,yes,yes,yes,yes,yes,4,3,3,1,1,5,4
10,Pass,GP,M,17,R,GT3,T,3,4,at_home,other,course,mother,3,2,0,no,no,no,no,yes,yes,no,no,5,4,5,2,4,5,2
13,Pass,GP,F,16,R,GT3,T,1,1,at_home,other,course,mother,4,2,0,no,yes,no,no,yes,yes,no,no,5,1,3,1,1,3,0
12,Pass,GP,M,18,U,LE3,T,3,1,services,services,course,mother,2,1,0,no,no,no,yes,yes,yes,yes,yes,3,3,4,4,5,4,2
11,Pass,GP,F,18,U,GT3,A,3,2,other,services,course,other,1,3,0,no,yes,no,yes,no,yes,yes,yes,4,3,3,5,1,5,10
11,Pass,GP,F,16,R,GT3,T,1,1,other,services,reputation,mother,2,1,0,no,yes,no,yes,yes,yes,no,yes,3,3,3,1,2,1,8
10,Fail,GP,F,16,U,GT3,A,3,3,other,other,course,other,2,1,0,no,yes,no,yes,no,yes,yes,yes,4,3,2,1,1,5,4
10,Pass,GP,M,16,U,LE3,T,1,1,services,other,course,mother,1,2,2,no,no,no,no,yes,yes,no,yes,4,4,4,1,3,5,0
14,Pass,GP,F,15,U,GT3,T,4,4,teacher,teacher,course,mother,2,1,0,no,no,no,yes,yes,yes,yes,no,4,3,2,1,1,5,6
9,Fail,GP,F,15,R,GT3,T,1,1,other,other,course,mother,3,1,1,no,no,no,yes,yes,yes,yes,yes,5,5,5,1,1,1,2
11,Fail,GP,M,15,U,GT3,T,4,3,teacher,services,course,father,2,4,0,yes,yes,no,no,yes,yes,yes,no,2,2,2,1,1,3,6
9,Fail,GP,F,15,U,GT3,A,3,3,services,services,home,mother,1,2,0,no,no,no,no,no,yes,no,yes,1,3,2,2,3,1,24
13,Pass,GP,M,16,U,GT3,T,4,4,services,services,course,mother,1,3,0,no,yes,no,yes,yes,yes,yes,no,5,3,3,1,3,5,0
11,Pass,GP,M,16,U,LE3,T,2,2,services,services,reputation,father,2,1,0,no,yes,no,yes,yes,yes,yes,no,2,3,3,2,2,2,4
13,Pass,GP,F,15,U,GT3,T,4,4,teacher,services,course,mother,1,3,0,no,yes,no,yes,yes,yes,yes,no,4,2,2,1,1,5,2
11,Pass,GP,F,16,U,LE3,T,1,1,at_home,at_home,course,mother,1,1,0,no,no,no,no,yes,yes,yes,no,3,4,4,3,3,1,4
6,Fail,GP,M,17,U,GT3,T,2,1,other,other,home,mother,1,1,0,no,yes,no,no,yes,yes,yes,no,5,4,5,1,2,5,22
12,Pass,GP,F,15,U,GT3,T,1,1,other,services,course,father,1,2,0,no,yes,no,no,yes,yes,yes,no,4,4,2,1,2,5,0
10,Pass,GP,F,15,U,LE3,A,2,1,at_home,other,home,mother,2,1,0,no,yes,no,yes,yes,no,yes,yes,4,4,2,1,1,5,0
11,Pass,GP,F,15,U,GT3,T,3,2,health,services,home,father,1,2,1,no,yes,no,no,yes,yes,yes,no,3,3,2,1,1,3,2
13,Pass,GP,F,15,U,GT3,T,1,2,at_home,other,course,mother,1,2,0,no,yes,no,no,no,yes,yes,no,4,3,2,1,1,5,6
11,Pass,GP,F,15,U,GT3,T,1,2,at_home,services,course,father,1,2,0,no,no,no,no,no,yes,no,yes,2,3,4,2,4,1,6
8,Fail,GP,M,16,U,GT3,T,4,4,teacher,teacher,course,mother,1,1,0,no,yes,no,no,yes,no,yes,yes,3,3,2,2,1,5,16
11,Pass,GP,M,15,U,LE3,A,2,1,services,other,course,mother,4,1,0,no,no,no,no,yes,yes,yes,no,4,5,5,2,5,5,0
0,Pass,GP,M,18,U,LE3,T,1,1,other,other,course,mother,1,1,2,no,no,no,no,yes,no,yes,yes,2,3,5,2,5,4,0
10,Fail,GP,M,16,U,LE3,T,2,1,at_home,other,course,mother,1,1,1,no,no,no,yes,yes,yes,no,yes,4,4,4,3,5,5,6
13,Pass,GP,F,15,R,GT3,T,3,3,services,services,reputation,other,2,3,0,no,yes,yes,yes,yes,yes,yes,yes,4,2,1,2,3,3,2
11,Pass,GP,M,19,U,GT3,T,3,2,services,at_home,home,mother,1,1,0,no,yes,no,no,yes,no,yes,yes,4,5,4,1,1,4,6
13,Pass,GP,F,17,U,GT3,T,4,4,other,teacher,course,mother,1,1,0,yes,yes,no,no,yes,yes,no,yes,4,2,1,1,1,4,0
8,Fail,GP,M,15,R,GT3,T,2,3,at_home,services,course,mother,1,2,0,yes,no,yes,yes,yes,yes,no,no,4,4,4,1,1,1,0
10,Fail,GP,M,17,R,LE3,T,1,2,other,other,reputation,mother,1,1,3,no,no,no,no,yes,yes,no,no,2,2,2,3,3,5,14
11,Pass,GP,F,18,R,GT3,T,1,1,at_home,other,course,mother,3,1,3,no,yes,no,yes,no,yes,no,no,5,2,5,1,5,4,6
11,Pass,GP,M,16,R,GT3,T,2,2,at_home,other,course,mother,3,1,0,no,no,no,no,no,yes,no,no,4,2,2,1,2,3,4
1,Pass,GP,M,16,U,GT3,T,3,3,other,services,course,father,1,2,1,no,yes,no,no,yes,yes,yes,yes,4,5,5,4,4,5,0
10,Fail,GP,M,16,U,LE3,T,1,2,health,services,course,mother,2,1,2,no,no,no,no,no,yes,yes,no,4,4,5,3,5,5,0
9,Fail,GP,M,17,R,LE3,T,2,1,at_home,other,course,mother,2,1,1,no,no,yes,yes,yes,no,yes,yes,3,3,2,2,2,5,8
8,Fail,GP,M,17,R,GT3,T,3,2,other,other,course,mother,2,2,2,yes,yes,no,no,yes,yes,yes,yes,4,4,4,1,4,3,4
10,Fail,GP,M,15,U,LE3,T,1,2,other,other,course,mother,2,1,0,no,no,no,yes,yes,yes,no,no,4,4,4,2,4,5,2
8,Fail,GP,M,16,U,GT3,T,1,3,at_home,services,course,father,1,1,1,no,no,no,no,yes,no,yes,no,5,3,3,1,4,2,2
8,Fail,GP,M,17,R,LE3,T,1,1,other,services,course,mother,4,2,0,no,no,no,yes,yes,no,no,yes,5,3,5,1,5,5,0
8,Fail,GP,M,17,U,GT3,T,3,2,services,services,course,mother,2,1,3,no,yes,no,yes,no,no,no,no,4,5,2,1,1,2,10
11,Fail,GP,M,16,U,GT3,T,2,2,other,other,course,father,1,2,0,no,no,no,no,yes,no,yes,no,4,3,5,2,4,4,0
18,Pass,GP,F,16,U,GT3,T,4,2,health,services,home,father,1,2,0,no,no,no,no,yes,yes,yes,yes,4,2,3,1,1,3,0
13,Pass,GP,F,16,U,GT3,T,2,2,other,other,home,mother,1,2,0,no,yes,no,no,no,yes,yes,no,5,1,5,1,1,4,0
17,Pass,GP,F,16,U,GT3,T,4,4,health,health,reputation,mother,1,2,0,no,yes,no,no,yes,yes,yes,yes,4,4,2,1,1,3,0
10,Fail,GP,M,16,U,GT3,T,3,4,other,other,course,father,3,1,1,no,yes,no,yes,no,yes,yes,no,3,4,5,2,4,2,4
18,Pass,GP,M,16,U,GT3,T,1,0,other,other,reputation,mother,2,2,0,no,yes,no,yes,yes,yes,yes,yes,4,3,2,1,1,3,0
10,Pass,GP,M,17,U,LE3,T,4,4,teacher,other,reputation,mother,1,2,0,no,yes,no,yes,yes,yes,yes,no,4,4,4,1,3,5,0
13,Pass,GP,F,16,U,GT3,T,1,3,at_home,services,home,mother,1,2,0,no,no,no,yes,no,yes,yes,yes,4,3,5,1,1,3,0
15,Pass,GP,F,16,U,LE3,T,3,3,other,other,reputation,mother,2,2,0,no,yes,no,yes,yes,yes,yes,no,4,4,5,1,1,4,0
11,Pass,GP,M,17,U,LE3,T,4,3,teacher,other,course,mother,2,2,0,no,no,no,yes,yes,yes,yes,no,4,4,4,4,4,4,0
14,Pass,GP,F,16,U,GT3,T,2,2,services,other,reputation,mother,2,2,0,no,no,no,yes,no,yes,yes,no,3,4,4,1,4,5,0
10,Pass,GP,M,17,U,GT3,T,3,3,other,other,reputation,father,1,2,0,no,no,no,yes,no,yes,yes,no,4,3,4,1,4,4,4
11,Pass,GP,M,16,R,GT3,T,4,2,teacher,services,other,mother,1,1,0,no,yes,no,yes,yes,yes,yes,yes,4,3,3,3,4,3,8
13,Pass,GP,M,17,U,GT3,T,4,3,other,other,course,mother,1,2,0,no,yes,yes,yes,yes,yes,yes,yes,5,2,3,1,1,2,4
11,Pass,GP,M,16,U,GT3,T,4,3,teacher,other,home,mother,1,2,0,no,yes,yes,yes,yes,yes,yes,no,3,4,3,2,3,3,4
13,Pass,GP,M,16,U,GT3,T,3,3,services,other,home,mother,1,2,0,no,no,no,yes,yes,yes,yes,yes,4,2,3,1,2,3,0
17,Pass,GP,F,17,U,GT3,T,2,4,services,services,reputation,father,1,2,0,no,yes,no,yes,yes,yes,no,no,5,4,2,2,3,5,0
14,Pass,GP,F,17,U,LE3,T,3,3,other,other,reputation,mother,1,2,0,no,yes,no,yes,yes,yes,yes,yes,5,3,3,2,3,1,32
16,Pass,GP,F,16,U,GT3,T,3,2,other,other,reputation,mother,1,2,0,no,yes,no,no,yes,yes,yes,no,1,2,2,1,2,1,8
14,Pass,GP,M,17,U,GT3,T,3,3,services,services,other,mother,1,2,0,no,yes,no,yes,yes,yes,yes,yes,4,3,4,2,3,4,6
11,Pass,GP,M,16,U,GT3,T,1,2,services,services,other,mother,1,1,0,no,yes,no,yes,yes,yes,yes,yes,3,3,3,1,2,3,0
16,Pass,GP,M,16,U,LE3,T,2,1,other,other,course,mother,1,2,0,no,no,no,yes,yes,yes,yes,yes,4,2,3,1,2,5,0
14,Pass,GP,F,17,U,GT3,A,3,3,health,other,reputation,mother,1,2,0,no,yes,no,no,no,yes,yes,yes,3,3,3,1,3,3,10
10,Fail,GP,M,17,R,GT3,T,1,2,at_home,other,home,mother,1,2,0,no,no,no,no,yes,yes,no,no,3,1,3,1,5,3,6
13,Pass,GP,F,16,U,GT3,T,2,3,services,services,course,mother,1,2,0,no,no,no,no,yes,yes,yes,no,4,3,3,1,1,2,6
12,Pass,GP,F,17,U,GT3,T,1,1,at_home,services,course,mother,1,2,0,no,no,no,yes,yes,yes,yes,no,5,3,3,1,1,3,0
12,Pass,GP,M,17,U,GT3,T,1,2,at_home,services,other,other,2,2,0,no,no,no,yes,no,yes,yes,no,4,4,4,4,5,5,16
10,Pass,GP,M,16,R,GT3,T,3,3,services,services,reputation,mother,1,1,0,no,yes,no,yes,yes,yes,yes,no,4,3,2,3,4,5,0
12,Pass,GP,M,16,U,GT3,T,2,3,other,other,home,father,2,1,0,no,no,no,no,yes,yes,yes,no,5,3,3,1,1,3,0
16,Pass,GP,F,17,U,LE3,T,2,4,services,services,course,father,1,2,0,no,no,no,yes,yes,yes,yes,yes,4,3,2,1,1,5,8
14,Pass,GP,M,17,U,GT3,T,4,4,services,teacher,home,mother,1,1,0,no,no,no,no,yes,yes,yes,no,5,2,3,1,2,5,4
12,Pass,GP,M,16,R,LE3,T,3,3,teacher,other,home,father,3,1,0,no,yes,no,yes,yes,yes,yes,no,3,3,4,3,5,3,16
16,Pass,GP,F,17,U,GT3,T,4,4,services,teacher,home,mother,2,1,1,no,yes,no,no,yes,yes,yes,no,4,2,4,2,3,2,30
11,Pass,GP,F,16,U,LE3,T,4,4,teacher,teacher,reputation,mother,1,2,0,no,yes,no,no,yes,yes,yes,no,4,5,2,1,2,3,0
15,Pass,GP,F,16,U,GT3,T,4,3,health,other,home,mother,1,2,0,no,yes,no,yes,yes,yes,yes,no,4,3,5,1,5,2,2
12,Pass,GP,F,16,U,GT3,T,2,3,other,other,reputation,mother,1,2,0,yes,yes,no,yes,yes,yes,no,no,4,4,3,1,3,4,4
15,Pass,GP,F,17,U,GT3,T,1,1,other,other,course,mother,1,2,0,no,yes,no,no,no,yes,no,no,4,4,4,1,3,1,0
13,Pass,GP,F,17,R,GT3,T,2,2,other,other,reputation,mother,1,1,0,no,yes,no,no,yes,yes,yes,no,5,3,2,1,2,3,21
13,Pass,GP,F,16,R,GT3,T,2,2,services,services,reputation,mother,2,4,0,no,yes,no,yes,no,yes,yes,no,5,3,5,1,1,5,6
8,Fail,GP,F,17,U,GT3,T,3,4,at_home,services,home,mother,1,3,1,no,yes,yes,no,yes,yes,yes,yes,4,4,3,3,4,5,14
12,Pass,GP,F,16,U,GT3,A,3,1,services,other,course,mother,1,2,0,no,yes,no,no,yes,yes,yes,no,2,3,3,2,2,4,2
15,Pass,GP,F,16,U,GT3,T,4,3,teacher,other,other,mother,1,2,0,no,no,no,yes,yes,yes,yes,yes,1,3,2,1,1,1,4
13,Pass,GP,F,16,U,GT3,T,1,1,at_home,other,home,mother,2,1,0,no,yes,no,no,yes,yes,no,no,4,3,2,1,4,5,2
12,Pass,GP,F,17,R,GT3,T,4,3,teacher,other,reputation,mother,2,3,0,no,yes,no,yes,yes,yes,yes,yes,4,4,2,1,1,4,0
12,Pass,GP,F,19,U,GT3,T,3,3,other,other,reputation,other,1,4,0,no,yes,no,yes,yes,yes,yes,no,4,3,3,1,2,3,4
12,Pass,GP,M,17,U,LE3,T,4,4,services,other,home,mother,1,2,0,no,yes,no,no,yes,yes,yes,yes,5,3,5,4,5,3,15
13,Pass,GP,F,16,U,GT3,A,2,2,other,other,reputation,mother,1,2,0,yes,yes,no,no,yes,yes,yes,no,3,3,4,1,1,4,0
11,Pass,GP,M,18,U,GT3,T,2,2,services,other,home,mother,1,2,0,no,yes,no,yes,yes,yes,yes,no,4,4,4,2,4,5,10
11,Pass,GP,F,17,R,LE3,T,4,4,services,other,other,mother,1,1,0,no,yes,no,no,yes,yes,no,no,5,2,1,1,2,3,6
15,Pass,GP,F,17,U,LE3,T,3,2,other,other,reputation,mother,2,2,0,no,no,no,no,yes,yes,yes,no,4,4,4,1,3,1,2
10,Pass,GP,F,17,U,GT3,T,4,3,other,other,reputation,mother,1,2,0,no,no,no,no,yes,yes,yes,yes,3,4,5,2,4,1,16
10,Pass,GP,M,18,U,LE3,T,3,3,services,health,home,father,1,2,0,no,yes,no,no,yes,yes,yes,no,3,2,4,2,4,4,10
13,Pass,GP,F,17,U,GT3,T,2,3,at_home,other,home,father,2,1,0,no,yes,no,no,yes,yes,no,no,3,3,3,1,4,3,4
13,Pass,GP,F,17,U,GT3,T,2,2,at_home,at_home,course,mother,1,3,0,no,yes,no,yes,yes,yes,yes,no,4,3,3,1,1,4,0
11,Pass,GP,F,17,R,GT3,T,2,1,at_home,services,reputation,mother,2,2,0,no,yes,no,yes,yes,yes,yes,no,4,2,5,1,2,5,0
12,Pass,GP,F,17,U,GT3,T,1,1,at_home,other,reputation,mother,1,3,0,no,yes,no,yes,yes,yes,no,yes,4,3,4,1,1,5,12
14,Pass,GP,F,16,U,GT3,T,2,3,services,teacher,other,mother,1,2,0,yes,no,no,no,yes,yes,yes,no,2,3,1,1,1,3,0
10,Pass,GP,M,18,U,GT3,T,2,2,other,other,home,mother,2,2,3,no,yes,yes,no,yes,yes,yes,no,3,3,3,5,5,4,9
16,Pass,GP,F,16,U,GT3,T,4,4,teacher,services,home,mother,1,3,0,no,yes,no,yes,no,yes,yes,no,5,3,2,1,1,5,4
8,Fail,GP,F,18,R,GT3,T,3,1,other,other,reputation,mother,1,2,0,no,no,no,yes,yes,yes,yes,yes,5,3,3,1,1,4,4
17,Pass,GP,F,17,U,GT3,T,3,2,other,other,course,mother,1,2,0,no,no,no,yes,no,yes,yes,no,5,3,4,1,3,3,2
11,Pass,GP,M,17,U,LE3,T,2,3,services,services,reputation,father,1,2,0,no,yes,no,no,no,yes,yes,no,5,3,3,1,3,3,0
11,Fail,GP,M,18,U,LE3,T,2,1,at_home,other,course,mother,4,2,0,yes,yes,no,yes,yes,yes,yes,yes,4,3,2,4,5,3,2
16,Pass,GP,F,17,U,GT3,A,2,1,other,other,course,mother,2,3,0,no,no,no,yes,yes,yes,yes,yes,3,2,3,1,2,3,0
12,Pass,GP,F,17,U,LE3,T,4,3,health,other,reputation,father,1,2,0,no,no,no,yes,yes,yes,yes,yes,3,2,3,1,2,3,0
13,Pass,GP,M,17,R,GT3,T,2,2,other,other,course,father,2,2,0,no,yes,no,yes,yes,yes,yes,no,4,5,2,1,1,1,0
13,Pass,GP,M,17,U,GT3,T,4,4,teacher,teacher,reputation,mother,1,2,0,yes,yes,no,yes,yes,yes,yes,yes,4,5,5,1,3,2,0
14,Pass,GP,M,16,U,GT3,T,4,4,health,other,reputation,father,1,2,0,no,yes,no,yes,yes,yes,yes,no,4,2,4,2,4,1,0
9,Fail,GP,M,16,U,LE3,T,1,1,other,other,home,mother,2,2,0,no,yes,no,no,yes,yes,yes,no,3,4,2,1,1,5,2
12,Pass,GP,M,16,U,GT3,T,3,2,at_home,other,reputation,mother,2,3,0,no,no,no,yes,yes,yes,yes,yes,5,3,3,1,3,2,0
16,Pass,GP,M,17,U,LE3,T,2,2,other,other,home,father,1,2,0,no,no,no,yes,no,yes,yes,yes,4,4,2,5,5,4,0
10,Fail,GP,F,16,U,GT3,T,2,1,other,other,home,mother,1,1,0,no,no,no,no,yes,yes,yes,yes,4,5,2,1,1,5,4
13,Pass,GP,F,16,U,GT3,A,4,1,other,other,home,mother,1,2,0,no,no,no,yes,yes,yes,yes,yes,5,3,3,1,2,5,0
10,Pass,GP,F,18,U,LE3,A,2,4,services,other,course,mother,2,2,1,no,yes,no,no,yes,yes,yes,no,4,3,3,1,1,3,18
10,Fail,GP,F,18,U,LE3,T,2,2,at_home,services,course,mother,1,2,1,no,yes,no,no,no,yes,yes,yes,5,3,1,1,1,5,16
7,Fail,GP,F,18,U,GT3,T,3,3,other,other,course,mother,2,1,1,no,no,no,no,yes,no,yes,no,4,1,1,1,1,3,14
8,Fail,GP,M,18,U,GT3,T,2,2,other,at_home,course,other,1,1,1,no,yes,no,yes,no,no,yes,yes,4,4,3,2,2,1,26
9,Pass,GP,M,17,U,GT3,T,4,4,teacher,teacher,course,mother,1,1,0,no,yes,no,yes,no,yes,yes,no,4,2,1,1,2,5,6
15,Pass,GP,F,17,U,GT3,T,3,2,other,other,course,father,1,2,0,no,no,no,yes,yes,yes,no,no,5,4,2,1,1,3,4
10,Pass,GP,F,17,U,LE3,T,1,1,at_home,at_home,course,mother,1,3,0,no,yes,no,yes,yes,yes,yes,yes,4,3,2,1,2,4,10
11,Pass,GP,F,16,U,GT3,T,1,2,other,other,course,mother,1,1,0,no,no,no,no,yes,no,yes,no,5,3,5,1,2,5,4
13,Pass,GP,F,17,R,GT3,T,2,1,at_home,services,course,mother,3,2,0,no,no,no,yes,yes,yes,no,no,2,1,1,1,1,3,2
8,Fail,GP,F,17,R,LE3,A,1,4,other,other,course,other,4,1,1,no,yes,no,no,yes,yes,yes,no,5,5,4,1,1,5,14
8,Fail,GP,M,18,U,GT3,T,2,2,other,services,reputation,father,1,2,0,no,no,no,no,yes,no,yes,no,5,5,4,3,5,2,16
10,Pass,GP,F,17,U,LE3,A,2,2,other,other,home,mother,1,1,1,no,yes,no,no,no,no,yes,no,3,1,2,1,1,1,8
15,Pass,GP,F,17,R,LE3,T,1,1,at_home,other,course,mother,2,3,0,no,no,no,yes,yes,yes,yes,no,4,3,3,1,3,5,4
14,Pass,GP,F,17,U,LE3,A,4,2,teacher,other,course,mother,1,2,0,no,yes,no,yes,yes,yes,no,no,4,3,2,1,1,4,4
15,Pass,GP,M,17,U,LE3,T,4,3,health,other,course,mother,2,2,0,no,no,no,yes,yes,yes,yes,yes,2,5,5,1,4,5,8
12,Pass,GP,M,17,R,LE3,A,4,4,teacher,other,course,mother,2,2,0,no,yes,no,no,yes,yes,yes,no,3,3,3,2,3,4,0
15,Pass,GP,M,16,U,LE3,T,4,3,teacher,other,course,mother,1,1,0,no,no,no,yes,no,yes,yes,no,5,4,5,1,1,3,7
15,Pass,GP,M,16,U,GT3,T,4,4,services,services,course,mother,1,1,0,no,no,yes,yes,yes,yes,yes,no,5,3,2,1,2,5,4
12,Pass,GP,F,17,U,GT3,T,4,4,teacher,services,course,mother,1,2,0,no,yes,yes,no,yes,yes,yes,yes,5,3,1,1,4,5,2
15,Pass,GP,M,17,R,GT3,T,1,1,other,other,home,father,2,3,0,no,no,no,no,no,yes,yes,yes,4,3,3,1,1,1,2
11,Pass,GP,F,17,U,GT3,T,3,3,services,other,home,mother,2,3,0,no,yes,no,no,yes,yes,yes,yes,4,2,2,2,3,5,10
10,Pass,GP,F,17,U,GT3,T,1,1,at_home,other,course,mother,1,2,0,yes,no,no,no,no,yes,no,yes,4,3,2,1,1,4,10
11,Pass,GP,F,18,U,GT3,T,2,1,other,other,course,other,2,3,0,no,yes,no,no,no,yes,yes,yes,4,4,4,1,1,3,10
16,Pass,GP,M,16,U,GT3,T,2,1,other,other,course,mother,3,1,0,no,no,no,no,yes,yes,yes,no,4,3,3,1,1,4,7
11,Pass,GP,F,17,U,GT3,T,1,1,other,services,course,father,1,2,0,no,yes,no,no,yes,yes,no,no,4,3,4,1,2,5,4
13,Fail,GP,M,17,U,GT3,T,2,3,other,other,course,father,2,1,0,no,no,no,no,yes,yes,yes,no,5,2,2,1,1,2,2
5,Fail,GP,M,22,U,GT3,T,3,1,services,services,other,mother,1,1,3,no,no,no,no,no,no,yes,yes,5,4,5,5,5,1,12
10,Pass,GP,M,18,R,LE3,T,3,3,other,services,course,mother,1,2,0,no,yes,no,no,yes,yes,yes,yes,4,3,3,1,3,5,8
11,Pass,GP,M,16,U,GT3,T,0,2,other,other,other,mother,1,1,0,no,no,no,no,no,yes,yes,no,4,3,2,2,4,5,0
7,Fail,GP,M,18,U,GT3,T,3,2,services,other,course,mother,2,1,0,no,no,no,no,yes,no,yes,no,4,4,5,2,4,5,8
10,Fail,GP,M,16,U,GT3,T,3,3,at_home,other,reputation,other,3,2,1,yes,yes,no,no,no,yes,yes,no,5,3,3,1,3,2,4
6,Fail,GP,M,18,U,GT3,T,2,1,services,services,other,mother,1,1,2,no,no,no,no,no,no,yes,no,3,2,5,2,5,5,4
12,Pass,GP,M,16,R,GT3,T,2,1,other,other,course,mother,2,1,0,no,no,no,yes,no,yes,no,no,3,3,2,1,3,3,2
13,Pass,GP,M,17,R,GT3,T,2,1,other,other,course,mother,1,1,0,no,no,no,no,no,yes,yes,no,4,4,2,2,4,5,0
10,Fail,GP,M,17,U,LE3,T,1,1,health,other,course,mother,2,1,1,no,yes,no,yes,yes,yes,yes,no,4,4,4,1,2,5,0
13,Pass,GP,F,18,U,LE3,A,2,1,other,other,course,mother,1,2,0,no,yes,no,no,no,yes,yes,yes,4,3,4,1,3,5,2
17,Pass,GP,F,17,U,LE3,T,4,2,teacher,services,reputation,mother,1,4,0,no,yes,no,yes,yes,yes,yes,no,4,2,3,1,1,4,2
11,Pass,GP,F,19,U,GT3,T,2,2,services,services,home,mother,1,2,0,no,yes,no,no,yes,yes,yes,no,4,3,3,1,1,5,0
11,Pass,GP,M,18,U,LE3,T,2,1,services,other,course,mother,3,2,1,no,no,no,yes,no,no,yes,no,4,4,5,4,4,5,4
14,Pass,GP,F,17,R,GT3,T,4,2,other,other,course,mother,1,3,0,no,yes,no,yes,yes,yes,yes,no,4,3,4,1,3,5,2
14,Pass,GP,F,18,U,LE3,T,1,1,other,at_home,home,mother,1,3,0,no,yes,no,no,no,yes,no,no,4,4,3,2,3,3,4
13,Pass,GP,F,18,R,GT3,T,2,2,other,other,home,mother,1,2,0,yes,no,no,no,yes,yes,no,no,3,2,3,1,1,5,4
14,Pass,GP,M,19,U,LE3,A,4,3,services,at_home,reputation,mother,1,2,0,no,yes,no,no,yes,yes,yes,no,4,3,1,1,1,1,4
16,Pass,GP,M,18,U,GT3,T,2,1,other,other,home,mother,1,2,0,no,no,no,yes,yes,yes,yes,no,5,2,4,1,2,4,2
10,Fail,GP,M,17,R,GT3,T,2,2,other,services,other,mother,2,1,0,no,no,no,no,no,no,no,no,5,2,2,1,1,4,0
12,Pass,GP,F,17,U,LE3,T,2,2,services,services,course,father,1,4,0,no,no,no,yes,yes,yes,yes,yes,3,4,1,1,1,2,2
12,Pass,GP,F,20,R,GT3,T,2,1,other,other,course,other,2,2,0,no,yes,yes,yes,yes,no,yes,yes,1,2,3,1,2,2,8
15,Pass,GP,F,18,U,GT3,T,4,3,services,other,home,father,1,2,0,no,yes,no,no,yes,yes,yes,yes,3,1,2,1,3,2,2
11,Pass,GP,M,18,U,GT3,T,4,3,teacher,other,course,mother,1,2,0,no,yes,no,no,no,yes,yes,no,4,3,2,1,1,3,2
12,Pass,GP,M,18,R,GT3,T,3,2,other,other,course,mother,1,3,0,no,no,no,yes,no,yes,no,no,5,3,2,1,1,3,2
13,Pass,GP,F,17,U,GT3,T,3,3,other,other,home,mother,1,3,0,no,no,no,yes,no,yes,no,no,3,2,3,1,1,4,2
13,Pass,GP,F,18,U,GT3,T,2,2,at_home,services,home,mother,1,3,0,no,yes,no,yes,yes,yes,yes,yes,4,3,3,1,1,3,0
9,Fail,GP,M,17,U,GT3,T,2,2,other,other,home,father,2,1,0,no,no,no,no,yes,no,yes,no,4,4,4,2,3,4,8
16,Pass,GP,M,18,R,LE3,A,3,4,other,other,reputation,mother,2,2,0,no,yes,no,yes,yes,yes,yes,no,4,2,5,3,4,1,6
14,Pass,GP,M,17,U,GT3,T,3,1,services,other,other,mother,1,2,0,no,no,no,yes,yes,yes,yes,yes,5,4,4,3,4,5,0
12,Pass,GP,F,18,R,GT3,T,4,4,teacher,other,reputation,mother,2,2,0,no,no,no,yes,yes,yes,yes,no,4,3,4,2,2,4,8
14,Pass,GP,M,18,U,GT3,T,4,2,health,other,reputation,father,1,2,0,no,yes,no,yes,yes,yes,yes,yes,5,4,5,1,3,5,4
10,Fail,GP,F,18,R,GT3,T,2,1,other,other,reputation,mother,2,2,0,no,yes,no,no,yes,no,yes,yes,4,3,5,1,2,3,12
12,Pass,GP,F,19,U,GT3,T,3,3,other,services,home,other,1,2,0,no,yes,no,yes,yes,yes,yes,no,4,3,5,3,3,5,16
16,Pass,GP,F,18,U,GT3,T,2,3,other,services,reputation,father,1,4,0,no,yes,no,yes,yes,yes,yes,yes,4,5,5,1,3,2,10
13,Pass,GP,F,18,U,LE3,T,1,1,other,other,home,mother,2,2,0,no,yes,no,no,no,yes,no,no,4,4,3,1,1,3,2
18,Pass,GP,M,17,R,GT3,T,1,2,at_home,at_home,home,mother,1,2,0,no,yes,no,yes,no,yes,no,yes,3,5,2,2,2,1,2
15,Pass,GP,F,18,U,GT3,T,2,1,other,other,home,mother,1,2,0,no,yes,no,no,yes,yes,yes,yes,4,2,5,1,2,1,8
16,Pass,GP,F,17,U,GT3,T,2,4,at_home,health,reputation,mother,2,2,0,no,yes,no,no,yes,yes,yes,yes,4,3,3,1,1,1,6
12,Pass,GP,F,17,U,LE3,T,2,2,services,other,course,mother,2,2,0,yes,yes,no,no,yes,yes,yes,yes,4,4,4,2,3,5,6
10,Pass,GP,F,18,R,GT3,A,3,2,other,services,home,mother,2,2,0,no,no,no,no,no,no,yes,yes,4,1,1,1,1,5,15
12,Pass,GP,M,18,U,GT3,T,4,4,teacher,services,home,mother,2,1,0,no,no,no,yes,yes,yes,yes,no,3,2,4,1,4,3,6
13,Pass,GP,F,18,U,GT3,T,4,4,health,health,reputation,father,1,2,1,yes,yes,no,yes,yes,yes,yes,yes,2,4,4,1,1,4,2
15,Pass,GP,F,17,U,GT3,T,2,2,other,services,reputation,father,3,3,0,no,yes,no,no,yes,yes,yes,yes,4,2,3,1,1,1,8
10,Fail,GP,F,19,R,GT3,T,3,2,services,services,reputation,father,1,2,1,yes,yes,no,no,yes,no,yes,no,3,3,3,4,3,3,0
10,Pass,GP,M,18,U,LE3,T,4,3,teacher,services,course,mother,2,1,0,no,no,no,yes,yes,yes,yes,no,4,2,3,1,2,1,0
11,Pass,GP,M,18,U,GT3,T,1,2,at_home,other,home,other,2,1,0,no,no,no,no,no,no,yes,no,3,4,4,2,4,4,10
10,Pass,GP,M,17,U,LE3,A,4,1,services,other,home,mother,2,1,0,no,no,no,yes,yes,yes,yes,yes,4,5,4,2,4,5,22
13,Pass,GP,M,17,U,LE3,A,3,2,teacher,services,home,mother,1,1,0,no,no,no,no,yes,yes,yes,no,4,4,4,3,4,3,18
18,Pass,GP,F,18,R,LE3,T,1,1,at_home,other,reputation,mother,2,4,0,no,yes,no,yes,yes,yes,no,no,5,2,2,1,1,3,2
13,Pass,GP,F,18,U,GT3,T,1,1,other,other,home,mother,2,2,0,yes,no,no,yes,yes,yes,yes,no,5,4,4,1,1,4,0
14,Pass,GP,F,17,U,GT3,T,2,2,other,other,course,mother,1,2,0,no,yes,no,no,no,yes,yes,no,5,4,5,1,2,5,12
14,Pass,GP,F,18,U,GT3,T,2,1,other,other,reputation,mother,2,2,0,no,no,no,yes,yes,yes,yes,yes,4,3,1,1,1,5,10
12,Pass,GP,M,17,U,GT3,T,1,1,other,other,reputation,father,1,2,0,no,no,no,no,no,yes,yes,no,4,3,3,1,2,4,0
18,Pass,GP,F,18,U,GT3,T,2,2,at_home,at_home,other,mother,1,3,0,no,yes,no,no,yes,yes,yes,no,4,3,3,1,2,2,0
14,Pass,GP,F,17,U,GT3,T,1,1,services,teacher,reputation,mother,1,3,0,no,yes,no,no,yes,yes,yes,no,4,3,3,1,1,3,0
15,Pass,GP,M,18,U,GT3,T,2,1,services,services,reputation,mother,1,3,0,no,no,no,yes,yes,yes,yes,no,4,2,4,1,3,2,0
17,Pass,GP,M,18,U,LE3,A,4,4,teacher,teacher,reputation,mother,1,2,0,no,yes,no,yes,yes,yes,yes,no,5,4,3,1,1,2,0
16,Pass,GP,M,18,U,GT3,T,4,2,teacher,other,home,mother,1,2,0,no,yes,no,yes,yes,yes,yes,yes,4,3,2,1,4,5,2
18,Pass,GP,F,17,U,GT3,T,4,3,health,services,reputation,mother,1,3,0,no,yes,no,no,yes,yes,yes,no,4,2,2,1,2,3,0
19,Pass,GP,F,17,R,LE3,T,3,1,services,other,reputation,mother,2,4,0,no,yes,no,no,yes,yes,no,no,3,1,2,1,1,3,0
15,Pass,GP,M,18,R,LE3,T,3,2,services,other,reputation,mother,2,3,0,no,yes,no,yes,yes,yes,yes,no,5,4,2,1,1,4,0
15,Pass,GP,M,17,U,GT3,T,3,3,health,other,home,mother,1,1,0,no,yes,no,no,yes,yes,yes,no,4,4,3,1,3,5,0
13,Pass,GP,F,19,U,GT3,T,4,4,health,other,reputation,other,2,2,0,no,yes,no,yes,yes,yes,yes,no,2,3,4,2,3,2,2
14,Pass,GP,F,18,U,LE3,T,4,3,other,other,home,other,2,2,0,no,yes,no,no,yes,yes,yes,yes,4,4,5,1,2,2,0
17,Pass,GP,F,18,U,GT3,T,4,3,other,other,reputation,father,1,4,0,no,yes,no,no,yes,yes,yes,no,4,3,3,1,1,3,0
17,Pass,GP,M,18,U,LE3,T,4,4,teacher,teacher,home,mother,1,1,0,no,yes,no,no,yes,yes,yes,yes,1,4,2,2,2,1,0
15,Pass,GP,F,18,U,LE3,A,4,4,health,other,home,mother,1,2,0,no,yes,yes,no,yes,yes,yes,yes,4,2,4,1,1,4,0
13,Pass,GP,M,17,U,LE3,T,4,4,other,teacher,home,father,2,1,0,no,no,no,no,yes,yes,yes,no,4,1,1,2,2,5,0
8,Fail,GP,F,17,R,GT3,T,4,4,services,services,reputation,mother,2,3,0,no,yes,no,yes,yes,yes,yes,no,5,3,4,1,1,5,0
16,Pass,GP,F,17,U,GT3,T,4,2,other,other,reputation,mother,2,3,0,no,yes,no,no,yes,yes,yes,no,4,3,3,1,1,3,0
18,Pass,GP,F,17,U,GT3,T,3,2,health,health,reputation,father,1,4,0,no,yes,no,yes,no,yes,yes,no,5,2,2,1,2,5,0
11,Fail,GP,M,19,R,LE3,T,2,1,at_home,services,course,mother,2,3,1,no,no,no,yes,yes,yes,yes,yes,4,3,1,1,1,5,0
15,Pass,GP,M,20,U,GT3,A,3,2,services,other,course,other,1,1,2,no,no,no,yes,yes,yes,no,no,5,5,3,1,1,5,0
11,Pass,GP,M,19,R,GT3,T,3,3,other,services,reputation,father,1,2,0,no,no,no,yes,yes,yes,no,yes,4,5,3,1,2,5,0
11,Pass,GP,F,18,U,GT3,T,1,4,other,teacher,home,mother,1,2,0,yes,yes,no,no,no,yes,no,yes,3,4,4,1,2,5,2
15,Pass,GP,F,18,U,GT3,T,2,1,services,other,course,mother,2,2,0,no,yes,no,yes,yes,yes,yes,no,5,3,3,1,2,1,2
14,Pass,GP,F,17,U,GT3,T,2,3,other,other,course,father,2,2,0,no,no,no,yes,yes,yes,yes,yes,4,2,1,1,1,3,2
17,Pass,GP,F,17,R,GT3,T,4,4,teacher,teacher,course,mother,1,1,0,no,no,no,yes,yes,yes,yes,no,4,4,4,1,1,5,2
17,Pass,GP,F,18,U,GT3,T,4,3,other,other,course,mother,1,3,0,no,yes,no,yes,yes,yes,yes,yes,4,3,4,1,1,5,2
15,Pass,GP,F,18,U,LE3,T,4,3,health,services,course,mother,2,1,0,no,yes,no,no,yes,yes,yes,no,3,2,4,1,4,1,8
17,Pass,GP,F,17,R,GT3,T,3,4,at_home,services,course,father,1,3,0,no,yes,no,yes,no,yes,yes,no,4,3,4,2,5,5,2
14,Pass,GP,F,18,U,GT3,T,3,3,at_home,other,course,father,1,2,0,no,yes,no,no,yes,yes,yes,no,4,1,4,1,1,3,8
10,Pass,GP,M,19,U,GT3,T,4,2,health,other,course,mother,2,2,0,no,yes,no,yes,yes,yes,yes,yes,5,4,4,1,1,1,9
13,Pass,GP,F,18,U,GT3,T,4,4,teacher,other,course,mother,1,2,0,no,yes,no,no,yes,yes,yes,no,4,4,4,3,3,5,0
14,Pass,GP,F,18,U,GT3,T,3,4,other,other,course,mother,1,1,0,no,yes,no,yes,yes,yes,yes,yes,5,4,4,1,1,1,4
17,Pass,GP,F,17,U,GT3,T,4,4,health,health,course,mother,1,1,0,no,no,no,yes,yes,yes,yes,no,5,3,4,1,2,5,2
17,Pass,GP,F,17,U,GT3,A,4,3,services,services,course,mother,1,2,0,no,yes,no,no,yes,yes,yes,yes,5,2,2,1,2,5,14
13,Pass,GP,F,17,U,LE3,A,3,3,services,other,home,mother,1,2,0,yes,yes,no,no,yes,yes,yes,no,5,3,3,1,1,5,0
14,Pass,GP,F,17,U,LE3,T,2,1,other,other,home,father,1,2,0,no,no,no,yes,yes,yes,yes,no,4,2,3,2,2,2,2
11,Fail,GP,M,18,U,LE3,T,4,4,other,other,reputation,father,1,1,0,no,yes,no,no,yes,yes,yes,no,4,2,5,3,4,5,2
11,Pass,GP,F,19,U,GT3,T,1,1,other,other,course,other,3,3,0,no,no,no,yes,yes,no,no,yes,1,5,5,4,3,5,12
9,Fail,GP,F,19,U,LE3,A,1,1,other,other,course,other,3,2,2,no,yes,no,no,no,yes,yes,yes,5,3,4,1,1,4,2
10,Pass,GP,F,18,U,GT3,T,2,2,other,other,course,mother,1,1,0,no,yes,no,yes,yes,yes,yes,yes,4,3,5,2,4,5,2
13,Pass,GP,F,17,U,GT3,T,2,2,other,other,course,mother,1,2,0,no,yes,no,no,yes,yes,no,yes,4,2,2,1,1,3,4
10,Pass,GP,F,17,R,LE3,T,2,2,services,services,course,mother,1,3,0,no,yes,no,yes,yes,yes,yes,no,3,3,2,2,2,3,0
17,Pass,GP,F,17,U,GT3,T,3,1,services,services,course,father,1,3,0,no,yes,no,no,no,yes,yes,no,3,4,3,2,3,5,0
15,Pass,GP,F,17,U,LE3,T,0,2,at_home,at_home,home,father,2,3,0,no,no,no,no,yes,yes,yes,no,3,3,3,2,3,2,0
14,Pass,GP,F,18,U,GT3,T,1,1,other,other,home,mother,2,3,0,no,no,no,yes,yes,yes,yes,no,4,5,5,1,2,2,0
13,Pass,GP,M,18,U,GT3,T,4,4,other,other,course,mother,1,3,0,no,no,no,yes,yes,yes,yes,no,4,3,3,2,2,3,0
17,Pass,GP,M,17,U,GT3,T,3,3,other,services,reputation,mother,1,1,0,no,no,no,yes,no,yes,yes,no,4,3,5,3,5,5,0
10,Pass,GP,M,17,R,GT3,T,2,2,services,other,course,mother,4,1,0,no,yes,no,no,yes,yes,yes,no,4,4,5,5,5,4,2
13,Pass,GP,F,17,U,GT3,T,4,4,teacher,services,course,mother,1,3,0,no,yes,no,yes,yes,yes,yes,no,5,4,4,1,3,4,0
15,Pass,GP,F,17,U,GT3,T,4,4,teacher,teacher,course,mother,2,3,0,no,yes,no,no,no,yes,yes,yes,4,3,3,1,2,4,4
11,Pass,GP,F,17,U,GT3,T,3,3,at_home,other,course,mother,1,1,0,no,yes,yes,yes,yes,yes,yes,no,4,2,5,2,5,5,2
12,Pass,GP,M,18,U,LE3,T,2,2,other,other,course,mother,1,4,0,no,yes,yes,yes,yes,yes,yes,no,4,5,5,2,4,5,0
10,Pass,GP,M,19,R,GT3,T,3,2,at_home,services,home,other,1,1,0,no,yes,no,no,no,yes,no,yes,5,3,4,2,2,5,0
10,Pass,GP,F,18,U,GT3,T,2,2,at_home,other,course,mother,4,2,0,no,no,no,yes,yes,yes,no,yes,4,2,5,1,1,2,2
15,Pass,GP,F,17,R,GT3,T,2,4,at_home,other,course,father,1,3,0,no,yes,no,no,yes,yes,yes,yes,4,4,3,1,1,5,0
15,Pass,GP,M,18,U,GT3,T,2,2,other,other,reputation,mother,1,1,0,no,no,no,no,no,yes,yes,no,5,4,2,1,2,5,6
12,Pass,GP,F,18,U,GT3,T,3,3,services,services,home,mother,1,2,0,no,no,no,yes,yes,yes,yes,no,5,3,4,1,1,4,8
12,Pass,GP,F,18,U,LE3,T,2,2,other,other,home,other,1,2,0,no,no,no,yes,no,yes,yes,yes,4,3,3,1,1,2,0
14,Pass,GP,F,18,R,GT3,T,2,2,at_home,other,course,mother,2,4,0,no,no,no,yes,yes,yes,no,no,4,4,4,1,1,4,6
14,Pass,GP,F,17,U,GT3,T,3,4,services,other,course,mother,1,3,0,no,no,no,no,yes,yes,yes,no,4,4,5,1,3,5,8
15,Pass,GP,F,17,U,GT3,T,3,2,other,other,home,mother,1,2,0,no,yes,no,no,yes,yes,yes,yes,4,3,2,2,3,2,0
15,Pass,GP,F,18,U,LE3,T,3,3,services,services,home,mother,1,4,0,no,yes,no,no,yes,yes,yes,no,5,3,3,1,1,1,4
16,Pass,GP,F,17,R,GT3,A,3,2,other,other,home,mother,1,2,0,no,yes,no,no,yes,yes,yes,no,4,3,3,2,3,2,0
13,Pass,GP,M,18,U,GT3,T,4,4,teacher,services,home,father,1,2,0,no,yes,no,yes,yes,yes,yes,no,4,3,3,2,2,2,0
17,Pass,GP,M,18,U,LE3,T,3,4,services,other,home,mother,1,2,0,no,no,no,yes,yes,yes,yes,yes,4,3,3,1,3,5,6
14,Pass,GP,F,17,U,GT3,A,2,2,at_home,at_home,home,father,1,2,0,no,yes,no,no,yes,yes,yes,yes,3,3,1,1,2,4,18
14,Pass,GP,F,18,U,GT3,T,2,3,at_home,other,course,mother,1,3,0,no,yes,no,no,yes,yes,yes,no,4,3,3,1,2,3,0
17,Pass,GP,F,18,U,GT3,T,3,2,other,services,other,mother,1,3,0,no,no,no,no,yes,yes,yes,yes,5,4,3,2,3,1,4
17,Pass,GP,M,18,R,GT3,T,4,3,teacher,services,course,mother,1,3,0,no,no,no,no,yes,yes,yes,yes,5,3,2,1,2,4,4
14,Pass,GP,M,18,U,GT3,T,4,3,teacher,other,course,mother,1,3,0,no,yes,no,no,yes,yes,yes,yes,5,4,5,2,3,5,0
13,Pass,GP,F,17,U,GT3,T,4,3,health,other,reputation,mother,1,3,0,no,yes,no,yes,yes,yes,yes,yes,4,4,3,1,3,4,0
15,Pass,GP,F,17,U,GT3,T,2,1,services,other,course,mother,2,2,0,no,yes,no,yes,yes,yes,yes,yes,4,3,4,2,2,1,10
16,Pass,GP,F,17,U,GT3,T,2,1,services,other,reputation,mother,1,2,0,no,yes,no,yes,yes,yes,yes,no,4,3,5,2,4,4,4
11,Pass,GP,F,19,U,LE3,A,2,3,at_home,other,home,other,2,1,1,no,no,no,no,yes,no,yes,no,2,2,3,3,4,5,16
13,Pass,GP,F,17,U,GT3,T,3,1,other,at_home,home,mother,1,1,1,no,yes,yes,no,yes,yes,yes,yes,4,1,2,1,1,3,6
12,Fail,GP,F,21,U,LE3,T,4,4,other,other,reputation,other,1,3,2,no,no,yes,yes,yes,yes,yes,no,3,3,2,1,1,5,0
12,Fail,GP,M,18,U,LE3,T,2,2,services,services,reputation,mother,1,2,0,no,yes,no,yes,no,no,yes,no,4,4,4,1,3,3,11
15,Pass,GP,M,18,U,LE3,A,3,4,other,other,reputation,other,1,2,0,no,no,no,yes,yes,yes,yes,yes,4,3,5,1,4,2,9
17,Pass,GP,F,17,U,GT3,T,2,2,services,services,reputation,mother,1,2,0,no,yes,no,yes,yes,yes,yes,no,4,3,4,1,3,4,0
15,Pass,GP,M,17,U,LE3,A,4,4,health,other,reputation,mother,1,3,0,no,yes,no,no,yes,yes,yes,no,4,4,2,1,2,4,2
17,Pass,GP,F,18,U,LE3,T,4,2,teacher,other,course,mother,1,2,0,no,yes,no,yes,yes,yes,yes,no,4,2,2,1,1,3,0
10,Fail,GP,M,21,R,LE3,T,1,1,at_home,other,course,other,2,2,2,no,yes,no,yes,yes,no,yes,yes,5,3,3,5,2,4,21
15,Pass,GP,F,20,R,GT3,T,1,1,other,other,reputation,other,2,3,0,no,no,no,no,yes,yes,yes,yes,3,2,2,1,3,3,8
11,Fail,GP,F,19,U,GT3,T,4,4,teacher,other,home,other,1,1,1,no,yes,no,no,yes,yes,yes,yes,3,2,5,4,4,5,5
18,Pass,GP,M,17,U,LE3,A,3,2,other,other,reputation,mother,1,2,0,no,yes,no,no,yes,yes,yes,no,4,4,4,1,2,5,10
17,Pass,GP,F,18,U,GT3,T,3,2,at_home,other,reputation,father,1,3,0,no,yes,no,no,yes,yes,yes,yes,4,3,4,1,2,2,5
14,Pass,GP,M,18,R,GT3,T,2,3,other,services,reputation,father,1,1,0,no,no,no,no,yes,yes,yes,no,3,1,3,4,5,4,13
11,Fail,GP,M,19,U,GT3,T,2,1,other,other,reputation,mother,1,1,0,no,no,no,no,yes,yes,yes,no,5,3,4,1,4,4,10
17,Pass,GP,F,18,U,LE3,A,2,2,services,other,reputation,mother,2,2,0,no,yes,no,no,yes,yes,yes,no,4,1,4,1,3,4,10
10,Fail,GP,F,20,U,GT3,T,1,0,other,other,reputation,mother,2,1,1,yes,no,no,no,yes,yes,yes,yes,5,3,1,1,1,5,5
13,Pass,GP,F,18,U,GT3,T,3,2,services,other,home,mother,1,2,0,no,yes,no,yes,no,yes,yes,yes,3,1,2,1,2,1,4
11,Pass,MS,F,16,U,GT3,T,1,3,at_home,other,other,father,2,1,0,no,yes,no,no,yes,no,yes,yes,4,3,3,1,3,5,11
12,Pass,MS,F,16,R,GT3,T,2,2,other,other,course,mother,2,2,0,no,yes,no,yes,yes,yes,yes,no,4,4,4,1,1,5,0
10,Pass,MS,F,15,R,GT3,T,1,1,at_home,services,other,mother,1,1,1,no,yes,no,no,yes,yes,no,yes,4,1,3,1,1,2,6
11,Pass,MS,F,15,R,GT3,T,3,3,at_home,other,course,mother,2,1,0,no,yes,no,no,yes,yes,yes,no,5,4,4,2,3,5,4
17,Pass,MS,F,16,R,GT3,T,2,3,at_home,services,course,mother,2,2,0,no,no,no,no,yes,yes,no,no,4,5,2,1,2,5,0
9,Fail,MS,F,15,R,LE3,T,2,1,at_home,other,home,mother,2,1,0,no,no,no,no,yes,no,no,no,1,3,4,1,1,1,0
11,Pass,MS,M,16,R,LE3,A,4,4,at_home,other,home,mother,1,2,0,no,yes,no,no,yes,yes,no,no,5,3,2,1,3,2,5
11,Pass,MS,M,16,U,GT3,A,1,2,other,other,other,mother,1,3,0,yes,no,no,no,yes,yes,yes,no,4,4,3,1,1,5,0
10,Pass,MS,F,17,R,GT3,T,3,2,at_home,other,course,father,1,2,1,no,no,no,no,yes,yes,no,yes,4,5,4,1,2,5,0
7,Fail,MS,F,17,R,GT3,T,1,1,other,other,other,father,1,1,1,no,yes,no,no,no,no,yes,no,5,4,4,2,2,5,0
14,Pass,MS,F,15,R,GT3,T,4,4,teacher,other,course,mother,2,1,0,no,no,no,no,yes,yes,yes,yes,1,5,1,3,5,5,0
11,Pass,MS,F,16,U,LE3,A,2,2,at_home,other,reputation,mother,2,4,0,no,no,no,yes,no,no,no,yes,1,2,1,1,1,1,4
10,Pass,MS,F,15,R,LE3,T,1,1,at_home,services,reputation,father,2,2,0,no,yes,no,no,yes,yes,yes,no,5,4,3,1,2,4,0
8,Fail,MS,F,15,R,LE3,T,1,1,other,services,course,mother,2,1,1,no,yes,no,no,yes,yes,yes,yes,4,4,3,1,2,2,4
12,Pass,MS,F,16,R,GT3,T,0,2,other,other,other,mother,2,1,0,no,yes,no,yes,yes,yes,no,no,3,2,3,1,2,2,0
12,Pass,MS,F,17,R,GT3,T,2,3,other,other,course,mother,2,1,0,no,yes,no,no,yes,yes,yes,no,5,5,5,1,3,3,2
16,Pass,MS,F,15,R,GT3,T,3,3,other,services,course,father,2,1,0,no,no,no,no,no,yes,yes,no,4,1,3,1,1,4,0
0,Fail,MS,M,16,U,GT3,T,1,1,at_home,services,home,mother,2,2,0,no,yes,no,yes,yes,yes,no,yes,5,4,5,4,5,3,0
9,Fail,MS,M,17,U,GT3,T,1,1,other,other,home,mother,1,2,0,no,no,yes,no,no,yes,yes,no,4,4,3,2,4,5,4
14,Pass,MS,M,15,R,LE3,T,4,1,health,services,reputation,father,1,2,0,no,yes,no,yes,yes,yes,yes,no,5,3,4,1,2,2,0
8,Fail,MS,M,15,R,LE3,T,4,1,health,services,reputation,father,1,2,0,no,yes,no,yes,yes,yes,yes,no,5,3,4,1,2,2,7
11,Fail,MS,M,16,R,GT3,T,3,4,other,health,other,mother,3,2,0,no,no,no,no,no,yes,no,no,3,4,5,1,2,5,4
9,Fail,MS,M,15,R,GT3,T,1,1,other,other,course,mother,4,2,0,no,yes,no,yes,yes,yes,no,yes,5,4,5,2,4,4,8
11,Pass,MS,M,15,U,LE3,T,3,3,at_home,at_home,reputation,father,1,2,0,no,yes,no,yes,yes,yes,yes,no,5,3,3,1,1,5,0
9,Fail,MS,M,17,R,GT3,T,2,1,other,other,other,mother,3,1,0,no,no,no,yes,yes,no,no,yes,5,5,5,5,5,3,8
17,Pass,MS,F,16,R,GT3,T,4,4,teacher,teacher,course,mother,2,3,0,no,no,no,yes,yes,yes,yes,yes,4,2,2,1,1,4,6
13,Pass,MS,F,15,R,GT3,T,1,2,other,services,course,mother,2,1,0,no,no,no,no,yes,yes,no,no,5,1,2,1,1,1,3
15,Pass,MS,F,16,R,GT3,T,2,3,other,services,course,mother,3,2,0,no,yes,no,no,yes,yes,yes,no,4,5,4,1,2,1,2
11,Pass,MS,M,16,R,GT3,T,1,2,other,other,course,father,2,2,0,no,no,no,no,yes,yes,no,no,4,3,3,1,1,5,0
11,Fail,MS,F,16,R,GT3,T,2,2,other,other,course,mother,3,2,0,no,yes,no,no,yes,yes,yes,no,4,4,5,1,1,4,4
8,Pass,MS,F,16,U,GT3,T,1,2,other,services,course,mother,1,3,1,no,yes,no,no,yes,yes,no,no,1,3,2,1,2,4,0
8,Fail,MS,F,16,U,GT3,T,1,2,other,services,course,mother,1,3,1,no,yes,no,no,yes,yes,no,no,1,3,2,1,2,4,3
9,Fail,MS,F,15,U,GT3,T,2,1,at_home,other,home,mother,1,2,0,yes,yes,no,no,no,yes,yes,no,4,4,2,3,3,2,0
15,Pass,MS,F,16,U,GT3,T,1,1,at_home,other,course,father,1,2,0,no,yes,no,no,no,yes,no,yes,5,4,3,2,1,2,0
11,Pass,MS,M,17,R,LE3,T,1,2,at_home,services,reputation,mother,1,1,0,no,yes,no,yes,yes,yes,yes,no,5,5,5,5,5,3,4
13,Pass,MS,F,16,R,GT3,T,1,1,other,other,home,father,4,4,0,no,yes,no,no,no,yes,yes,no,4,3,2,1,1,1,0
10,Pass,MS,F,16,R,GT3,T,1,1,at_home,other,other,father,4,3,0,yes,yes,no,no,yes,yes,no,no,4,4,3,1,1,5,2
11,Pass,MS,F,15,R,GT3,T,1,1,at_home,other,home,father,2,2,0,no,yes,no,yes,yes,yes,yes,no,4,3,3,1,1,2,1
14,Pass,MS,F,16,R,GT3,T,1,1,at_home,other,other,mother,2,1,0,no,no,no,yes,yes,yes,yes,yes,4,2,2,4,3,2,0
14,Pass,MS,F,15,R,GT3,T,1,1,at_home,at_home,course,father,3,2,0,no,yes,no,no,yes,yes,no,no,4,2,1,1,2,2,0
12,Pass,MS,F,15,R,LE3,T,2,2,other,other,other,father,1,3,0,yes,yes,no,no,yes,yes,no,no,4,4,3,2,2,5,2
11,Pass,MS,M,16,R,GT3,T,1,1,at_home,other,other,father,2,1,0,no,no,no,yes,yes,yes,no,no,3,4,4,3,4,5,6
8,Fail,MS,F,18,U,GT3,T,1,2,other,other,course,father,1,2,1,no,yes,no,yes,yes,yes,yes,yes,3,4,4,2,3,5,9
11,Pass,MS,M,15,U,GT3,T,3,1,other,services,home,mother,2,1,0,no,yes,no,no,yes,yes,no,no,3,2,3,1,3,4,0
14,Pass,MS,F,16,R,GT3,T,2,2,other,services,course,father,3,2,0,no,yes,no,yes,yes,yes,yes,no,5,3,4,1,1,2,1
13,Pass,MS,M,15,U,GT3,T,2,2,health,other,reputation,mother,3,1,0,no,no,no,no,yes,yes,no,no,4,3,3,1,2,4,1
13,Pass,MS,M,16,U,GT3,T,4,4,other,teacher,course,father,1,2,0,no,yes,no,yes,yes,yes,no,yes,4,3,1,1,1,3,0
12,Pass,MS,F,15,R,GT3,T,3,3,services,other,reputation,mother,1,2,0,no,yes,no,no,yes,yes,yes,yes,4,5,4,1,1,1,4
12,Pass,MS,F,16,R,GT3,T,2,2,at_home,other,course,mother,2,2,1,no,yes,no,yes,no,yes,no,no,4,4,4,2,3,5,2
16,Pass,MS,F,16,R,LE3,T,2,2,other,other,home,father,3,1,0,no,yes,no,yes,yes,yes,no,yes,4,3,2,1,1,4,0
10,Pass,MS,M,16,U,LE3,T,2,1,at_home,services,course,mother,2,1,0,no,yes,no,yes,yes,yes,yes,no,2,4,3,2,3,4,4
11,Pass,MS,M,15,R,LE3,T,1,3,at_home,other,reputation,father,3,1,0,no,yes,no,yes,yes,yes,yes,no,4,2,4,3,5,3,2
14,Pass,MS,F,15,U,GT3,T,2,2,other,services,course,mother,2,3,0,no,yes,no,yes,yes,yes,no,no,5,3,2,1,1,4,0
8,Pass,MS,F,16,R,LE3,T,2,1,other,other,home,mother,1,1,0,no,yes,no,no,yes,yes,yes,yes,5,4,3,1,1,5,2
11,Pass,MS,M,15,U,GT3,T,3,3,services,services,course,father,2,1,0,no,yes,no,yes,no,yes,yes,no,4,3,3,2,4,3,11
8,Fail,MS,F,16,R,GT3,T,1,1,at_home,other,course,father,2,2,3,yes,yes,no,no,yes,yes,no,no,3,4,3,1,1,1,0
10,Fail,MS,F,17,U,GT3,T,2,2,other,at_home,course,mother,1,1,0,no,yes,no,yes,yes,no,no,no,4,5,3,1,1,5,4
10,Fail,MS,F,19,U,GT3,T,2,3,at_home,services,course,other,1,1,1,no,no,no,no,yes,no,yes,yes,4,4,4,1,1,2,0
11,Fail,MS,F,17,R,GT3,T,2,1,at_home,other,course,mother,3,1,0,no,yes,no,yes,yes,no,no,yes,5,5,3,1,1,3,2
9,Fail,MS,F,15,R,LE3,T,1,1,at_home,other,course,mother,2,1,0,no,yes,no,no,yes,no,no,yes,5,2,1,1,3,4,0
11,Fail,MS,F,16,R,GT3,T,2,2,other,other,course,father,3,2,0,no,yes,no,no,yes,no,yes,no,3,4,5,1,2,1,1
8,Fail,MS,F,16,U,LE3,A,2,2,other,other,home,mother,1,1,0,no,yes,no,no,yes,no,no,no,4,3,4,1,2,1,6
11,Pass,MS,F,17,R,GT3,T,2,2,at_home,other,course,mother,2,2,0,no,yes,no,no,yes,yes,yes,no,4,3,5,1,2,4,0
10,Fail,MS,F,16,U,GT3,T,2,2,other,services,course,father,1,1,1,no,yes,yes,yes,no,yes,yes,no,4,4,3,1,4,3,1
10,Fail,MS,F,18,R,LE3,A,3,2,other,other,course,other,2,3,2,no,yes,no,no,no,no,no,yes,3,3,2,1,1,2,6
9,Fail,MS,F,19,U,GT3,T,1,1,at_home,services,course,mother,1,3,1,no,no,no,yes,yes,no,no,yes,5,3,1,1,1,3,6
10,Fail,MS,M,18,R,GT3,T,1,1,other,other,home,mother,2,1,1,no,no,no,yes,yes,no,yes,no,4,4,3,3,4,4,0
10,Fail,MS,F,18,R,GT3,T,1,1,at_home,at_home,course,mother,2,1,1,no,no,no,no,no,no,yes,yes,3,2,3,1,1,2,4
9,Fail,MS,F,19,U,GT3,T,1,1,other,other,course,other,2,2,1,no,yes,no,no,yes,yes,yes,yes,1,1,4,4,1,1,12
10,Fail,MS,F,16,R,GT3,A,2,2,health,other,course,mother,1,2,0,no,no,no,no,no,yes,no,yes,3,3,2,1,1,3,2
10,Fail,MS,F,17,U,GT3,T,0,1,other,at_home,course,father,2,1,0,no,no,no,yes,no,yes,no,no,2,4,4,3,5,5,5
9,Fail,MS,F,16,R,LE3,T,1,2,at_home,other,course,mother,1,2,0,no,no,no,yes,yes,no,yes,no,4,4,5,1,3,3,0
13,Pass,MS,F,16,U,GT3,T,3,3,other,other,reputation,mother,1,1,0,no,no,no,yes,yes,no,yes,yes,4,5,4,1,1,4,0
14,Pass,MS,F,16,R,LE3,T,1,1,services,services,home,mother,1,1,0,no,yes,no,yes,yes,yes,yes,yes,4,4,4,2,2,4,2
10,Pass,MS,M,17,U,GT3,T,3,3,services,at_home,course,mother,2,4,1,no,yes,yes,yes,yes,yes,no,no,5,4,5,3,4,5,0
14,Pass,MS,F,16,U,GT3,T,2,1,other,services,course,mother,1,2,0,no,yes,no,yes,yes,yes,yes,no,5,3,3,1,1,1,0
16,Pass,MS,F,16,U,GT3,T,2,2,services,other,course,mother,1,1,0,no,yes,yes,yes,yes,yes,no,yes,4,2,5,1,2,5,0
7,Fail,MS,M,17,U,GT3,T,1,2,other,other,course,father,1,1,1,no,yes,no,yes,yes,no,yes,yes,5,3,5,5,5,1,12
13,Pass,MS,M,16,U,LE3,T,4,3,other,other,course,father,1,1,0,no,no,no,yes,yes,yes,yes,no,4,2,5,1,5,5,8
9,Pass,MS,M,17,R,LE3,T,2,2,services,services,other,mother,3,4,1,no,yes,no,no,yes,yes,no,no,1,3,5,3,5,3,2
14,Pass,MS,F,16,U,GT3,T,1,1,other,other,course,other,1,4,0,yes,yes,no,yes,yes,yes,yes,no,2,2,1,1,1,5,0
13,Pass,MS,F,19,U,LE3,T,2,2,other,other,home,mother,1,3,0,no,no,no,no,yes,yes,yes,yes,5,4,5,1,1,1,0
11,Pass,MS,F,17,R,GT3,T,1,1,at_home,other,reputation,mother,2,1,0,no,yes,no,yes,no,yes,yes,yes,4,4,5,1,2,5,0
10,Pass,MS,F,20,U,GT3,T,3,3,at_home,services,other,mother,2,2,1,no,no,no,yes,yes,yes,yes,yes,3,3,4,2,4,3,8
10,Pass,MS,F,17,U,LE3,T,1,1,other,services,course,father,1,3,0,no,yes,no,no,yes,yes,no,yes,4,3,3,1,1,3,0
9,Pass,MS,M,17,R,GT3,T,2,2,other,other,course,mother,3,1,1,no,yes,no,no,no,yes,yes,no,4,4,5,1,2,5,0
18,Pass,MS,F,16,R,LE3,T,1,1,at_home,other,course,father,3,2,0,no,yes,no,no,yes,yes,no,no,5,3,2,1,1,1,0
17,Pass,MS,F,17,R,GT3,T,2,2,other,other,reputation,mother,2,2,0,no,yes,no,yes,yes,yes,no,no,5,3,2,1,1,1,0
10,Pass,MS,F,17,U,GT3,A,1,0,other,other,other,mother,2,2,0,no,no,no,no,yes,yes,yes,yes,4,4,5,1,1,4,1
7,Fail,MS,F,18,R,GT3,T,1,1,at_home,other,other,mother,1,2,1,no,yes,no,no,yes,yes,yes,yes,4,3,2,1,1,5,9
8,Fail,MS,F,16,U,GT3,T,3,1,other,other,course,mother,1,1,0,no,no,no,yes,yes,yes,yes,no,3,1,3,1,3,1,0
7,Fail,MS,F,16,U,GT3,T,3,2,services,at_home,course,mother,1,1,0,no,no,no,no,yes,yes,yes,no,3,1,3,1,4,3,2
10,Fail,MS,F,18,U,LE3,T,1,1,other,at_home,reputation,mother,2,2,0,yes,no,no,no,yes,yes,no,no,2,3,5,1,4,3,8
16,Pass,MS,F,16,R,GT3,T,4,4,health,teacher,reputation,father,1,2,0,no,no,no,yes,no,yes,yes,yes,4,3,3,2,3,2,0
15,Pass,MS,F,16,R,LE3,T,1,2,other,other,reputation,mother,2,1,0,no,no,no,yes,yes,yes,yes,no,5,4,5,1,4,2,0
8,Fail,MS,F,18,U,GT3,A,2,4,other,services,reputation,father,1,2,1,no,yes,no,no,yes,yes,yes,no,2,3,2,1,3,1,8
0,Fail,MS,M,16,R,GT3,T,2,1,other,services,reputation,mother,2,2,0,no,no,no,yes,yes,yes,yes,no,5,2,1,1,1,2,0
8,Fail,MS,F,16,U,LE3,T,1,1,at_home,other,other,mother,3,2,0,no,yes,no,no,yes,yes,yes,no,4,3,2,1,3,5,6
10,Fail,MS,F,16,R,GT3,T,2,3,at_home,services,other,mother,2,2,0,no,yes,no,yes,yes,yes,yes,no,3,3,3,1,1,2,0
8,Fail,MS,F,16,U,GT3,T,4,4,health,health,course,mother,1,2,0,no,yes,no,no,yes,yes,yes,yes,4,3,4,1,2,3,4
6,Fail,MS,M,18,U,LE3,T,4,4,at_home,health,home,mother,1,4,0,no,yes,no,yes,yes,no,yes,yes,5,5,5,5,5,5,2
8,Fail,MS,F,16,R,LE3,T,3,4,at_home,other,other,mother,3,2,0,no,yes,no,no,no,yes,no,no,4,2,1,1,1,2,2
16,Pass,MS,M,17,U,LE3,T,4,4,other,services,home,mother,1,3,0,no,yes,no,no,yes,yes,yes,no,4,4,3,1,2,5,0
14,Pass,MS,F,17,R,GT3,T,4,1,other,other,other,mother,1,1,0,no,no,no,no,yes,yes,yes,yes,4,2,3,1,2,5,1
10,Pass,MS,M,16,U,LE3,T,2,2,services,services,other,mother,4,3,0,no,no,no,no,yes,yes,no,no,5,1,3,2,2,3,0
9,Fail,MS,F,17,R,GT3,T,2,2,at_home,other,other,mother,1,1,0,no,yes,yes,no,yes,yes,yes,no,5,1,3,1,2,5,5
11,Pass,MS,F,16,U,LE3,T,4,4,services,services,other,father,2,1,0,no,yes,no,no,yes,yes,no,no,5,1,3,1,2,5,1
9,Fail,MS,M,17,U,GT3,T,3,3,services,services,home,mother,1,1,0,no,yes,no,yes,yes,yes,yes,no,4,1,4,5,5,3,8
10,Pass,MS,M,17,U,GT3,T,1,1,at_home,services,other,mother,3,2,0,no,no,no,no,yes,yes,yes,yes,5,1,3,3,3,1,0
8,Fail,MS,M,16,U,GT3,T,2,1,health,services,other,mother,2,2,0,no,no,no,no,no,yes,yes,yes,4,2,2,1,4,5,2
16,Pass,MS,F,16,U,LE3,T,2,1,other,services,other,mother,1,2,0,no,no,no,no,yes,yes,yes,yes,3,2,2,1,1,3,0
12,Pass,MS,M,16,U,LE3,T,4,4,teacher,health,other,father,1,1,0,no,yes,no,no,yes,yes,yes,no,4,1,2,2,5,5,0
10,Fail,MS,M,15,R,GT3,T,1,2,other,services,course,mother,3,2,0,no,yes,no,yes,yes,yes,no,no,5,5,5,1,3,5,11
14,Pass,MS,M,15,U,LE3,A,2,2,other,other,reputation,mother,3,4,0,no,yes,no,yes,yes,yes,no,no,5,4,5,2,3,5,8
12,Pass,MS,M,15,U,LE3,A,2,1,services,services,course,mother,1,1,0,no,no,no,yes,yes,yes,yes,no,4,3,3,1,2,5,11
11,Pass,MS,F,16,R,LE3,T,2,2,other,other,course,mother,1,3,0,no,yes,no,no,no,yes,no,yes,4,3,3,2,2,5,2
10,Fail,MS,F,16,U,LE3,T,4,1,other,other,home,mother,2,2,0,no,yes,no,yes,yes,yes,yes,no,1,2,4,2,2,1,8
11,Fail,MS,F,17,U,GT3,T,3,2,at_home,other,home,mother,2,1,0,no,no,no,no,yes,yes,no,yes,4,3,3,2,2,1,5
11,Pass,MS,F,17,R,GT3,T,2,2,other,other,other,mother,2,2,0,yes,no,yes,no,yes,yes,no,no,5,1,3,1,1,5,0
12,Pass,MS,F,16,U,GT3,T,4,4,teacher,services,course,mother,2,3,0,no,yes,no,no,yes,yes,yes,yes,5,3,5,1,4,5,1
8,Fail,MS,M,17,R,GT3,T,4,4,health,other,course,father,3,1,3,no,no,no,yes,yes,yes,yes,yes,3,3,3,1,3,5,2
12,Pass,MS,M,17,R,LE3,T,1,3,other,other,course,father,2,1,0,no,no,no,yes,yes,yes,no,yes,5,1,2,3,3,5,2
8,Fail,MS,M,17,U,GT3,T,3,4,services,other,other,mother,1,2,1,no,yes,no,yes,no,yes,yes,yes,5,4,4,3,4,5,8
16,Pass,MS,F,17,U,GT3,T,4,4,health,health,course,father,1,2,0,no,yes,no,no,yes,yes,yes,no,5,2,5,1,1,5,0
11,Pass,MS,M,16,R,LE3,T,4,1,other,at_home,other,father,1,1,0,no,no,no,no,yes,yes,yes,no,4,1,2,2,1,2,0
11,Pass,MS,F,17,U,GT3,A,1,1,at_home,at_home,other,mother,1,2,0,no,no,no,yes,yes,yes,yes,yes,4,5,5,1,2,3,2
18,Pass,MS,F,17,R,GT3,T,4,2,other,other,course,mother,2,2,0,yes,yes,no,no,no,yes,yes,no,4,3,3,2,3,5,0
13,Pass,MS,M,16,U,LE3,A,2,2,other,services,course,father,2,2,0,no,yes,no,no,no,yes,yes,yes,4,1,2,2,2,5,0
13,Pass,MS,M,17,U,GT3,T,3,2,other,other,other,father,2,2,0,no,yes,yes,no,yes,yes,yes,no,4,1,2,2,2,1,0
10,Fail,MS,M,19,U,GT3,T,1,1,other,other,other,mother,1,2,2,no,yes,no,yes,yes,no,yes,no,4,4,3,3,4,4,2
12,Pass,MS,M,17,U,LE3,A,1,0,other,other,home,mother,1,1,0,no,no,no,no,yes,yes,no,yes,4,1,2,1,1,5,4
10,Pass,MS,F,17,R,GT3,T,1,1,at_home,at_home,course,father,2,1,0,no,yes,no,yes,yes,no,yes,yes,3,5,5,2,2,4,3
13,Pass,MS,F,16,R,GT3,T,1,2,other,other,home,father,1,3,0,yes,yes,no,no,no,yes,yes,yes,4,3,4,1,1,3,5
11,Fail,MS,M,16,R,LE3,T,1,2,other,at_home,course,mother,1,1,0,no,no,no,no,yes,yes,no,no,4,4,4,2,4,5,4
10,Fail,MS,F,17,R,GT3,T,3,1,other,other,course,mother,2,2,3,no,yes,no,yes,no,yes,yes,yes,5,4,4,1,1,5,2
10,Fail,MS,M,17,R,GT3,T,2,2,other,other,course,mother,2,1,0,no,no,no,yes,yes,no,no,yes,5,5,5,3,5,5,0
13,Pass,MS,M,18,R,GT3,T,1,0,at_home,at_home,course,other,3,1,1,yes,yes,no,no,yes,yes,no,no,4,3,2,1,1,4,0
10,Pass,MS,M,17,R,GT3,T,1,1,other,services,course,mother,2,1,0,no,yes,no,yes,no,yes,yes,yes,4,5,5,1,3,2,0
10,Pass,MS,M,18,U,LE3,T,1,1,at_home,at_home,course,mother,2,2,0,no,yes,no,yes,yes,yes,no,no,4,3,3,1,4,5,6
12,Pass,MS,F,16,R,LE3,T,2,2,other,services,course,father,1,2,0,no,no,no,yes,yes,yes,no,yes,5,4,3,1,1,1,0
0,Fail,MS,M,17,U,GT3,T,2,2,other,other,course,mother,1,1,1,no,no,no,yes,yes,yes,no,yes,1,2,1,2,3,5,0
10,Pass,MS,M,16,R,GT3,T,3,2,services,other,course,father,2,1,0,no,no,no,no,yes,yes,yes,no,4,5,5,2,3,5,2
9,Pass,MS,M,16,R,LE3,T,1,1,at_home,other,course,mother,2,1,0,no,no,no,yes,yes,yes,yes,no,4,5,5,2,4,5,0
9,Fail,MS,M,18,R,GT3,T,1,1,services,other,course,other,2,1,1,no,yes,no,no,yes,no,yes,yes,5,3,3,2,3,5,2
0,Fail,MS,M,18,R,GT3,T,3,2,services,other,course,mother,1,1,1,no,no,no,no,yes,no,yes,no,2,3,1,2,2,5,0
9,Fail,MS,M,19,U,GT3,T,3,2,at_home,services,course,mother,2,1,3,no,no,no,yes,yes,yes,no,no,3,2,1,1,1,3,4
8,Fail,MS,M,18,U,GT3,T,3,3,at_home,at_home,course,mother,1,2,2,no,yes,no,yes,yes,no,yes,no,4,4,5,1,3,3,9
8,Fail,MS,M,16,R,GT3,T,2,2,services,services,course,mother,2,1,0,no,yes,no,yes,yes,yes,yes,yes,5,4,3,2,4,4,6
9,Fail,MS,M,19,U,GT3,T,2,1,at_home,other,course,other,2,1,3,no,no,no,yes,no,no,yes,yes,4,4,3,1,3,5,4
7,Fail,MS,F,16,U,GT3,A,3,2,services,at_home,course,mother,2,2,2,no,yes,no,yes,yes,yes,no,yes,2,5,5,1,1,1,8
10,Fail,MS,F,17,U,GT3,T,1,1,other,at_home,course,mother,1,1,0,no,yes,no,yes,yes,yes,no,no,4,3,2,1,2,5,9
10,Fail,MS,M,20,R,GT3,T,1,1,other,other,course,other,2,1,1,no,yes,no,no,yes,no,yes,yes,4,4,3,2,4,4,12
10,Pass,MS,F,18,R,GT3,A,4,3,services,services,course,mother,1,1,0,no,yes,no,no,yes,yes,yes,no,5,4,4,3,4,2,8
11,Fail,MS,M,18,R,GT3,T,3,2,other,other,course,mother,2,1,0,no,yes,no,no,no,yes,yes,no,2,5,5,5,5,5,8
11,Pass,MS,M,19,R,GT3,T,1,1,other,services,home,other,3,2,1,no,no,no,no,yes,yes,yes,no,5,4,4,3,3,2,8
10,Fail,MS,M,17,U,GT3,T,3,3,health,other,course,mother,2,2,1,no,yes,no,no,yes,yes,yes,no,4,5,4,2,3,3,4
9,Fail,MS,M,18,U,LE3,T,1,3,at_home,services,course,mother,1,1,0,no,no,no,no,yes,no,yes,yes,4,3,3,2,3,3,0
10,Fail,MS,M,19,R,GT3,T,1,1,other,other,home,other,3,1,1,no,yes,no,no,yes,yes,yes,no,4,4,4,3,3,5,4
8,Fail,MS,F,18,U,GT3,A,1,2,at_home,other,course,mother,2,2,2,no,yes,no,no,yes,yes,no,no,4,3,3,1,1,5,2
7,Fail,MS,F,19,U,LE3,A,1,1,at_home,other,course,mother,1,1,0,no,yes,no,no,yes,no,no,no,1,4,4,1,1,5,0
0,Fail,MS,F,18,R,GT3,T,2,2,other,other,other,mother,2,1,1,no,no,no,no,yes,no,yes,yes,5,5,5,1,1,3,0
11,Pass,MS,F,17,R,GT3,T,0,0,at_home,other,course,mother,2,1,0,no,yes,no,no,yes,yes,yes,no,4,4,3,1,1,5,0
8,Fail,MS,F,17,R,LE3,A,3,1,other,at_home,course,other,2,3,0,no,yes,yes,no,yes,no,no,no,4,2,3,2,2,3,5
0,Fail,MS,F,17,U,GT3,T,4,2,teacher,services,home,mother,1,2,0,yes,yes,no,yes,yes,yes,yes,no,5,5,5,1,3,5,0
8,Fail,MS,F,18,R,LE3,T,2,2,services,services,course,mother,1,2,1,no,yes,no,yes,yes,yes,yes,no,2,3,3,1,2,4,3
9,Fail,MS,F,17,U,GT3,T,4,1,health,at_home,course,mother,1,1,0,no,yes,no,no,yes,yes,no,yes,3,2,2,1,1,5,0
10,Fail,MS,F,17,U,LE3,T,1,2,at_home,other,course,father,1,1,0,no,no,no,no,yes,yes,yes,no,5,5,1,1,1,3,0
7,Fail,MS,F,18,U,GT3,T,1,1,other,other,course,mother,3,2,2,no,no,no,yes,yes,yes,no,yes,3,4,4,2,2,5,3
14,Pass,MS,F,18,U,GT3,T,2,2,services,at_home,reputation,father,2,2,0,no,no,no,yes,no,yes,yes,no,4,3,5,1,1,1,2
13,Pass,MS,F,17,U,GT3,T,3,3,services,services,course,mother,2,1,0,no,yes,no,no,yes,yes,yes,no,4,4,3,1,1,4,0
14,Pass,MS,F,18,U,LE3,A,1,2,at_home,other,reputation,mother,2,2,0,no,no,no,no,yes,yes,yes,no,4,4,3,1,2,4,0
18,Pass,MS,F,18,U,GT3,T,4,4,teacher,teacher,reputation,mother,2,2,0,no,no,no,yes,no,yes,yes,no,4,3,5,1,2,1,0
17,Pass,MS,M,18,U,LE3,T,4,4,services,other,reputation,mother,1,1,0,no,yes,no,yes,yes,yes,yes,no,5,4,5,1,1,5,3
18,Pass,MS,F,17,U,GT3,T,4,2,other,other,course,mother,2,2,0,no,yes,no,no,yes,yes,yes,no,4,3,3,1,2,4,0
0,Fail,MS,F,18,R,GT3,T,2,2,at_home,other,course,mother,3,2,1,no,no,no,yes,yes,yes,no,yes,4,3,3,1,1,4,0
11,Pass,MS,M,18,U,LE3,T,1,2,at_home,services,home,mother,2,1,0,no,yes,no,no,no,yes,no,no,4,1,4,5,5,1,8
14,Pass,MS,M,18,R,GT3,T,4,4,at_home,services,other,mother,3,1,0,no,yes,yes,yes,yes,yes,yes,yes,2,5,5,1,1,1,5
14,Pass,MS,M,17,R,GT3,T,1,1,other,services,other,father,3,1,0,no,no,no,no,no,no,no,no,4,2,3,3,4,4,4
10,Fail,MS,F,18,U,GT3,T,2,2,other,other,course,mother,2,2,0,no,yes,no,no,no,yes,yes,yes,1,3,1,1,1,2,4
13,Pass,MS,F,18,U,LE3,T,2,2,services,services,course,father,2,3,0,no,no,no,no,yes,yes,yes,yes,5,4,5,1,4,3,0
0,Fail,MS,F,18,R,LE3,A,4,2,teacher,other,reputation,mother,1,2,0,no,no,no,yes,yes,yes,yes,yes,5,3,1,1,1,5,0
10,Fail,MS,F,18,U,GT3,T,1,1,at_home,services,course,mother,3,2,1,no,no,no,no,yes,no,no,no,4,4,2,1,2,2,2
0,Fail,MS,F,19,U,GT3,T,1,1,at_home,services,other,father,2,1,1,no,no,no,no,yes,no,no,no,5,5,5,2,3,2,0
18,Pass,MS,F,17,U,GT3,T,4,2,teacher,other,course,father,2,4,0,no,no,no,no,yes,yes,yes,yes,4,2,3,3,1,5,0
12,Pass,MS,F,17,R,LE3,A,2,1,services,other,reputation,mother,2,2,0,no,no,no,yes,yes,yes,yes,yes,5,3,3,1,2,2,5
11,Fail,MS,F,18,U,LE3,A,1,1,at_home,services,course,mother,1,2,0,no,no,no,no,yes,yes,no,yes,5,2,3,1,2,3,2
12,Pass,MS,F,18,U,GT3,T,1,2,at_home,at_home,course,father,2,2,0,no,yes,no,no,yes,no,no,no,4,1,1,1,1,4,0
0,Fail,MS,F,19,R,GT3,A,1,1,at_home,at_home,course,other,2,2,3,no,yes,no,yes,yes,no,no,yes,3,5,4,1,4,1,0
15,Pass,MS,F,18,R,GT3,T,2,2,services,other,home,mother,2,3,0,no,no,no,no,yes,yes,yes,yes,4,2,1,1,1,4,5
11,Pass,MS,M,17,R,GT3,T,4,3,services,other,home,mother,2,2,1,no,yes,yes,yes,no,yes,yes,yes,4,5,5,1,3,2,4
10,Pass,MS,F,18,U,GT3,T,3,3,services,services,course,father,1,2,0,no,yes,no,no,yes,yes,no,yes,5,3,4,1,1,5,0
12,Pass,MS,F,17,R,GT3,T,4,4,teacher,services,other,father,2,2,0,no,yes,yes,yes,yes,yes,yes,no,4,3,3,1,2,5,2
15,Pass,MS,F,17,U,LE3,A,3,2,services,other,reputation,mother,2,2,0,no,no,no,no,yes,yes,no,yes,1,2,3,1,2,5,0
14,Pass,MS,M,18,U,LE3,T,1,1,other,services,home,father,2,1,0,no,no,no,no,no,yes,yes,yes,3,3,2,1,2,3,2
18,Pass,MS,F,18,U,LE3,T,1,1,at_home,services,course,father,2,3,0,no,no,no,no,yes,yes,yes,no,5,3,2,1,1,4,0
15,Pass,MS,F,18,R,LE3,A,1,2,at_home,other,course,mother,3,2,0,no,no,no,no,yes,yes,no,yes,4,3,4,1,4,5,0
13,Pass,MS,F,18,U,GT3,T,3,3,services,services,other,mother,2,2,0,no,yes,no,no,yes,yes,yes,yes,4,3,2,1,3,3,6
15,Pass,MS,F,17,U,LE3,T,4,4,at_home,at_home,course,mother,1,2,0,no,yes,no,yes,yes,yes,yes,yes,2,3,4,1,1,1,4
13,Pass,MS,F,17,R,GT3,T,1,2,other,services,course,father,2,2,0,no,no,no,no,no,yes,no,no,3,2,2,1,2,3,0
9,Fail,MS,M,18,R,GT3,T,1,3,at_home,other,course,mother,2,2,0,no,yes,yes,no,yes,yes,no,no,3,3,4,2,4,3,0
16,Pass,MS,M,18,U,LE3,T,4,4,teacher,services,other,mother,2,3,0,no,no,no,no,yes,yes,yes,yes,4,2,2,2,2,5,0
9,Fail,MS,F,17,R,GT3,T,1,1,other,services,reputation,mother,3,1,1,no,yes,no,no,yes,yes,yes,yes,5,2,1,1,2,1,0
10,Pass,MS,F,18,U,GT3,T,2,3,at_home,services,course,father,2,1,0,no,yes,no,no,yes,yes,yes,yes,5,2,3,1,2,4,0
0,Fail,MS,F,18,R,GT3,T,4,4,other,teacher,other,father,3,2,0,no,yes,no,no,no,yes,yes,yes,3,2,2,4,2,5,0
10,Fail,MS,M,18,R,LE3,T,1,2,at_home,services,other,father,3,1,0,no,yes,no,yes,yes,no,yes,yes,4,3,3,2,3,3,3
12,Pass,MS,F,17,U,GT3,T,2,2,other,at_home,home,mother,1,3,0,no,no,no,yes,yes,yes,no,yes,3,4,3,1,1,3,8
9,Fail,MS,F,17,R,GT3,T,1,2,other,other,course,mother,1,1,0,no,no,no,yes,yes,yes,yes,no,3,5,5,1,3,1,4
17,Pass,MS,F,18,R,LE3,T,4,4,other,other,reputation,mother,2,3,0,no,no,no,no,yes,yes,yes,no,5,4,4,1,1,1,0
12,Pass,MS,F,18,R,GT3,T,1,1,other,other,home,mother,4,3,0,no,no,no,no,yes,yes,yes,no,4,3,2,1,2,4,4
9,Fail,MS,F,19,R,GT3,T,1,1,at_home,other,course,other,2,2,1,no,yes,no,no,yes,yes,yes,yes,4,3,3,1,1,3,4
14,Pass,MS,F,18,R,LE3,T,4,4,teacher,services,course,mother,1,2,0,no,no,no,yes,yes,yes,yes,no,5,4,3,3,4,2,1
16,Pass,MS,F,18,U,GT3,T,3,3,other,other,home,mother,1,2,0,no,no,no,no,yes,yes,yes,yes,4,1,3,1,2,1,1
9,Fail,MS,F,17,R,GT3,T,3,1,at_home,other,reputation,mother,1,2,0,no,yes,no,yes,no,yes,yes,no,4,5,4,2,3,1,10
19,Pass,MS,M,18,U,GT3,T,4,4,teacher,teacher,home,father,1,2,0,no,no,no,yes,no,yes,yes,no,3,2,4,1,4,2,4
0,Fail,MS,M,18,R,GT3,T,2,1,other,other,other,mother,2,1,0,no,no,no,yes,no,yes,yes,yes,4,4,3,1,3,5,0
16,Pass,MS,M,17,U,GT3,T,2,3,other,services,home,father,2,2,0,no,no,no,yes,yes,yes,yes,no,4,4,3,1,1,3,4
0,Fail,MS,M,19,R,GT3,T,1,1,other,services,other,mother,2,1,1,no,no,no,no,yes,yes,no,no,4,3,2,1,3,5,0
0,Fail,MS,M,18,R,GT3,T,4,2,other,other,home,father,2,1,1,no,no,yes,no,yes,yes,no,no,5,4,3,4,3,3,0
15,Pass,MS,F,18,R,GT3,T,2,2,at_home,other,other,mother,2,3,0,no,no,no,no,yes,yes,no,no,5,3,3,1,3,4,0
11,Fail,MS,F,17,U,GT3,T,4,3,teacher,other,other,mother,2,2,0,no,no,no,no,yes,yes,yes,no,5,5,4,1,1,1,0
10,Fail,MS,F,18,R,GT3,T,4,4,teacher,at_home,reputation,mother,3,1,0,no,yes,no,yes,yes,yes,yes,yes,4,4,3,2,2,5,4
10,Pass,MS,F,19,R,GT3,T,2,3,services,other,course,mother,1,3,1,no,no,no,yes,no,yes,yes,no,5,4,2,1,2,5,4
16,Pass,MS,F,18,U,LE3,T,3,1,teacher,services,course,mother,1,2,0,no,yes,no,no,yes,yes,yes,no,4,3,4,1,1,1,4
9,Pass,MS,F,18,U,GT3,T,1,1,other,other,course,mother,2,2,0,no,no,no,yes,yes,yes,no,no,1,1,1,1,1,5,6
10,Pass,MS,M,17,U,LE3,T,3,1,services,services,course,mother,2,1,0,no,no,no,no,no,yes,yes,no,2,4,5,3,4,2,6
11,Pass,MS,M,18,R,LE3,T,3,2,services,other,course,mother,3,1,0,no,no,no,no,no,yes,yes,no,4,4,1,3,4,5,4
